album_name,track_title,track_num,lyric,line
Midnights - All Editions,Lavender Haze,1,Meet me at midnight,1
Midnights - All Editions,Lavender Haze,1,Ooh ooh ooh whoa,2
Midnights - All Editions,Lavender Haze,1,Staring at the ceiling with you,3
Midnights - All Editions,Lavender Haze,1,"Oh, you don't ever say too much",4
Midnights - All Editions,Lavender Haze,1,And you don't really read into,5
Midnights - All Editions,Lavender Haze,1,My melancholia,6
Midnights - All Editions,Lavender Haze,1,"I've been under scrutiny (Yeah, oh yeah)",7
Midnights - All Editions,Lavender Haze,1,"You handle it beautifully (Yeah, oh yeah)",8
Midnights - All Editions,Lavender Haze,1,"All this shit is new to me (Yeah, oh yeah)",9
Midnights - All Editions,Lavender Haze,1,I feel the lavender haze creeping up on me,10
Midnights - All Editions,Lavender Haze,1,Surreal,11
Midnights - All Editions,Lavender Haze,1,I'm damned if I do give a damn what people say,12
Midnights - All Editions,Lavender Haze,1,No deal,13
Midnights - All Editions,Lavender Haze,1,The 1950s' shit they want from me,14
Midnights - All Editions,Lavender Haze,1,I just wanna stay in that lavender haze,15
Midnights - All Editions,Lavender Haze,1,Ooh ooh ooh whoa,16
Midnights - All Editions,Lavender Haze,1,All they keep asking me,17
Midnights - All Editions,Lavender Haze,1,(All they keep asking me),18
Midnights - All Editions,Lavender Haze,1,Is if I'm gonna be your bride,19
Midnights - All Editions,Lavender Haze,1,The only kinda girl they see,20
Midnights - All Editions,Lavender Haze,1,(Only kinda girl they see),21
Midnights - All Editions,Lavender Haze,1,Is a one-night or a wife,22
Midnights - All Editions,Lavender Haze,1,"I find it dizzying (Yeah, oh yeah)",23
Midnights - All Editions,Lavender Haze,1,"They're bringing up my history (Yeah, oh yeah)",24
Midnights - All Editions,Lavender Haze,1,"But you weren't even listening (Yeah, oh yeah)",25
Midnights - All Editions,Lavender Haze,1,I feel the lavender haze creeping up on me,26
Midnights - All Editions,Lavender Haze,1,Surreal,27
Midnights - All Editions,Lavender Haze,1,I'm damned if I do give a damn what people say,28
Midnights - All Editions,Lavender Haze,1,No deal,29
Midnights - All Editions,Lavender Haze,1,The 1950s' shit they want from me,30
Midnights - All Editions,Lavender Haze,1,I just wanna stay in that lavender haze,31
Midnights - All Editions,Lavender Haze,1,That lavender haze,32
Midnights - All Editions,Lavender Haze,1,Talk your talk and go viral,33
Midnights - All Editions,Lavender Haze,1,I just need this love spiral,34
Midnights - All Editions,Lavender Haze,1,Get it off your chest,35
Midnights - All Editions,Lavender Haze,1,Get it off my desk,36
Midnights - All Editions,Lavender Haze,1,(Get it off my desk),37
Midnights - All Editions,Lavender Haze,1,Talk your talk and go viral,38
Midnights - All Editions,Lavender Haze,1,I just need this love spiral,39
Midnights - All Editions,Lavender Haze,1,Get it off your chest,40
Midnights - All Editions,Lavender Haze,1,Get it off my desk,41
Midnights - All Editions,Lavender Haze,1,I feel (I feel) the lavender haze creeping up on me,42
Midnights - All Editions,Lavender Haze,1,Surreal,43
Midnights - All Editions,Lavender Haze,1,I'm damned if I do give a damn what people say,44
Midnights - All Editions,Lavender Haze,1,No deal (No deal),45
Midnights - All Editions,Lavender Haze,1,The 1950s' shit they want from me,46
Midnights - All Editions,Lavender Haze,1,I just wanna stay in that lavender haze,47
Midnights - All Editions,Lavender Haze,1,Ooh ooh ooh whoa,48
Midnights - All Editions,Lavender Haze,1,Get it off your chest,49
Midnights - All Editions,Lavender Haze,1,Get it off my desk,50
Midnights - All Editions,Lavender Haze,1,That lavender haze,51
Midnights - All Editions,Lavender Haze,1,I just wanna stay,52
Midnights - All Editions,Lavender Haze,1,I just wanna stay in that lavender haze,53
Midnights - All Editions,Maroon,2,"When the morning came, we",1
Midnights - All Editions,Maroon,2,Were cleaning incense off your,2
Midnights - All Editions,Maroon,2,Vinyl shelf 'cause we lost track of time again,3
Midnights - All Editions,Maroon,2,Laughing with my feet in your lap,4
Midnights - All Editions,Maroon,2,Like you were my closest friend,5
Midnights - All Editions,Maroon,2,"""How'd we end up on the floor anyway?""",6
Midnights - All Editions,Maroon,2,You say,7
Midnights - All Editions,Maroon,2,"""Your roommate's cheap-ass screw top ros√©",8
Midnights - All Editions,Maroon,2,"That's how""",9
Midnights - All Editions,Maroon,2,I see you every day now,10
Midnights - All Editions,Maroon,2,And I chose you,11
Midnights - All Editions,Maroon,2,The one I was dancing with in New York,12
Midnights - All Editions,Maroon,2,No shoes,13
Midnights - All Editions,Maroon,2,Looked up at the sky and it was,14
Midnights - All Editions,Maroon,2,The burgundy on my t-shirt when you splashed your wine into me,15
Midnights - All Editions,Maroon,2,"And how the blood rushed into my cheeks, so scarlet, it was",16
Midnights - All Editions,Maroon,2,The mark they saw on my collarbone,17
Midnights - All Editions,Maroon,2,The rust that grew between telephones,18
Midnights - All Editions,Maroon,2,The lips I used to call home,19
Midnights - All Editions,Maroon,2,"So scarlet, it was maroon",20
Midnights - All Editions,Maroon,2,"When the silence came, we",21
Midnights - All Editions,Maroon,2,Were shaking blind and hazy,22
Midnights - All Editions,Maroon,2,How the hell did we lose sight of us again?,23
Midnights - All Editions,Maroon,2,Sobbing with your head in your hands,24
Midnights - All Editions,Maroon,2,Ain't that the way shit always ends,25
Midnights - All Editions,Maroon,2,You were standing hollow-eyed in the hallway,26
Midnights - All Editions,Maroon,2,Carnations you had thought were roses,27
Midnights - All Editions,Maroon,2,That's us,28
Midnights - All Editions,Maroon,2,"I feel you, no matter what",29
Midnights - All Editions,Maroon,2,The rubies that I gave up,30
Midnights - All Editions,Maroon,2,And I lost you,31
Midnights - All Editions,Maroon,2,The one I was dancing with in New York,32
Midnights - All Editions,Maroon,2,No shoes,33
Midnights - All Editions,Maroon,2,Looked up at the sky and it was maroon,34
Midnights - All Editions,Maroon,2,The burgundy on my t-shirt when you splashed your wine into me,35
Midnights - All Editions,Maroon,2,"And how the blood rushed into my cheeks, so scarlet, it was",36
Midnights - All Editions,Maroon,2,The mark they saw on my collarbone,37
Midnights - All Editions,Maroon,2,The rust that grew between telephones,38
Midnights - All Editions,Maroon,2,The lips I used to call home,39
Midnights - All Editions,Maroon,2,"So scarlet, it was maroon",40
Midnights - All Editions,Maroon,2,And I wake with your memory over me,41
Midnights - All Editions,Maroon,2,"That's a real fuckin' legacy, legacy",42
Midnights - All Editions,Maroon,2,(It was maroon),43
Midnights - All Editions,Maroon,2,And I wake with your memory over me,44
Midnights - All Editions,Maroon,2,That's a real fuckin' legacy to leave,45
Midnights - All Editions,Maroon,2,The burgundy on my t-shirt when you splashed your wine into me,46
Midnights - All Editions,Maroon,2,"And how the blood rushed into my cheeks, so scarlet",47
Midnights - All Editions,Maroon,2,It was maroon,48
Midnights - All Editions,Maroon,2,The mark they saw on my collarbone,49
Midnights - All Editions,Maroon,2,The rust that grew between telephones,50
Midnights - All Editions,Maroon,2,The lips I used to call home,51
Midnights - All Editions,Maroon,2,"So scarlet, it was maroon",52
Midnights - All Editions,Maroon,2,It was maroon,53
Midnights - All Editions,Maroon,2,It was maroon,54
Midnights - All Editions,Anti-Hero,3,"I have this thing where I get older, but just never wiser",1
Midnights - All Editions,Anti-Hero,3,Midnights become my afternoons,2
Midnights - All Editions,Anti-Hero,3,"When my depression works the graveyard shift, all of the people",3
Midnights - All Editions,Anti-Hero,3,I've ghosted stand there in the room,4
Midnights - All Editions,Anti-Hero,3,I should not be left to my own devices,5
Midnights - All Editions,Anti-Hero,3,They come with prices and vices,6
Midnights - All Editions,Anti-Hero,3,I end up in crisis,7
Midnights - All Editions,Anti-Hero,3,(Tale as old as time),8
Midnights - All Editions,Anti-Hero,3,I wake up screaming from dreaming,9
Midnights - All Editions,Anti-Hero,3,"One day, I'll watch as you're leaving",10
Midnights - All Editions,Anti-Hero,3,Cause you got tired of my scheming,11
Midnights - All Editions,Anti-Hero,3,(For the last time),12
Midnights - All Editions,Anti-Hero,3,"It's me, hi, I'm the problem, it's me",13
Midnights - All Editions,Anti-Hero,3,"At teatime, everybody agrees",14
Midnights - All Editions,Anti-Hero,3,"I'll stare directly at the sun, but never in the mirror",15
Midnights - All Editions,Anti-Hero,3,It must be exhausting always rooting for the anti-hero,16
Midnights - All Editions,Anti-Hero,3,"Sometimes, I feel like everybody is a sexy baby",17
Midnights - All Editions,Anti-Hero,3,And I'm a monster on the hill,18
Midnights - All Editions,Anti-Hero,3,"Too big to hang out, slowly lurching toward your favorite city",19
Midnights - All Editions,Anti-Hero,3,"Pierced through the heart, but never killed",20
Midnights - All Editions,Anti-Hero,3,Did you hear my covert narcissism,21
Midnights - All Editions,Anti-Hero,3,I disguise as altruism,22
Midnights - All Editions,Anti-Hero,3,Like some kind of congressman?,23
Midnights - All Editions,Anti-Hero,3,(A tale as old as time),24
Midnights - All Editions,Anti-Hero,3,I wake up screaming from dreaming,25
Midnights - All Editions,Anti-Hero,3,"One day, I'll watch as you're leaving",26
Midnights - All Editions,Anti-Hero,3,And life will lose all its meaning,27
Midnights - All Editions,Anti-Hero,3,(For the last time),28
Midnights - All Editions,Anti-Hero,3,"It's me, hi, I'm the problem, it's me (I'm the problem, it's me)",29
Midnights - All Editions,Anti-Hero,3,"At teatime, everybody agrees",30
Midnights - All Editions,Anti-Hero,3,"I'll stare directly at the sun, but never in the mirror",31
Midnights - All Editions,Anti-Hero,3,It must be exhausting always rooting for the anti-hero,32
Midnights - All Editions,Anti-Hero,3,I have this dream my daughter-in-law kills me for the money,33
Midnights - All Editions,Anti-Hero,3,She thinks I left them in the will,34
Midnights - All Editions,Anti-Hero,3,The family gathers 'round and reads it and then someone screams out,35
Midnights - All Editions,Anti-Hero,3,"""She's laughing up at us from Hell""",36
Midnights - All Editions,Anti-Hero,3,"It's me, hi",37
Midnights - All Editions,Anti-Hero,3,"I'm the problem, it's me",38
Midnights - All Editions,Anti-Hero,3,"It's me, hi",39
Midnights - All Editions,Anti-Hero,3,"I'm the problem, it's me",40
Midnights - All Editions,Anti-Hero,3,"It's me, hi",41
Midnights - All Editions,Anti-Hero,3,"Everybody agrees, everybody agrees",42
Midnights - All Editions,Anti-Hero,3,"It's me, hi (Hi), I'm the problem, it's me (I'm the problem, it's me)",43
Midnights - All Editions,Anti-Hero,3,"At teatime (Teatime), everybody agrees (Everybody agrees)",44
Midnights - All Editions,Anti-Hero,3,"I'll stare directly at the sun, but never in the mirror",45
Midnights - All Editions,Anti-Hero,3,It must be exhausting always rooting for the anti-hero,46
Midnights - All Editions,Snow on the Beach,4,One night a few moons ago,1
Midnights - All Editions,Snow on the Beach,4,I saw flecks of what could've been lights,2
Midnights - All Editions,Snow on the Beach,4,But it might just have been you,3
Midnights - All Editions,Snow on the Beach,4,Passing by unbeknownst to me,4
Midnights - All Editions,Snow on the Beach,4,Life is emotionally abusive,5
Midnights - All Editions,Snow on the Beach,4,And time can't stop me quite like you did,6
Midnights - All Editions,Snow on the Beach,4,"And my flight was awful, thanks for asking",7
Midnights - All Editions,Snow on the Beach,4,"I'm unglued, thanks to you",8
Midnights - All Editions,Snow on the Beach,4,And it's like snow at the beach,9
Midnights - All Editions,Snow on the Beach,4,"Weird, but fuckin' beautiful",10
Midnights - All Editions,Snow on the Beach,4,Flying in a dream,11
Midnights - All Editions,Snow on the Beach,4,Stars by the pocketful,12
Midnights - All Editions,Snow on the Beach,4,"You wanting me tonight, feels impossible",13
Midnights - All Editions,Snow on the Beach,4,"But it's comin' down, no sound, it's all around",14
Midnights - All Editions,Snow on the Beach,4,Like snow on the beach,15
Midnights - All Editions,Snow on the Beach,4,Like snow on the beach,16
Midnights - All Editions,Snow on the Beach,4,Like snow on the beach,17
Midnights - All Editions,Snow on the Beach,4,"Like snow, oh",18
Midnights - All Editions,Snow on the Beach,4,This scene feels like what I once saw on a screen,19
Midnights - All Editions,Snow on the Beach,4,I searched 'aurora borealis green',20
Midnights - All Editions,Snow on the Beach,4,I've never seen someone lit from within,21
Midnights - All Editions,Snow on the Beach,4,Blurring out my periphery,22
Midnights - All Editions,Snow on the Beach,4,My smile is like I won a contest,23
Midnights - All Editions,Snow on the Beach,4,And to hide that would be so dishonest,24
Midnights - All Editions,Snow on the Beach,4,And it's fine to fake it till you make it,25
Midnights - All Editions,Snow on the Beach,4,Till you do,26
Midnights - All Editions,Snow on the Beach,4,Till it's true,27
Midnights - All Editions,Snow on the Beach,4,Now it's like snow at the beach,28
Midnights - All Editions,Snow on the Beach,4,"Weird, but fuckin' beautiful",29
Midnights - All Editions,Snow on the Beach,4,Flying in a dream,30
Midnights - All Editions,Snow on the Beach,4,Stars by the pocketful,31
Midnights - All Editions,Snow on the Beach,4,"You wanting me tonight, feels impossible",32
Midnights - All Editions,Snow on the Beach,4,"But it's comin' down, no sound, it's all around",33
Midnights - All Editions,Snow on the Beach,4,Like snow on the beach,34
Midnights - All Editions,Snow on the Beach,4,Like snow on the beach,35
Midnights - All Editions,Snow on the Beach,4,Like snow on the beach,36
Midnights - All Editions,Snow on the Beach,4,"Like snow, oh",37
Midnights - All Editions,Snow on the Beach,4,"I can't speak, afraid to jinx it",38
Midnights - All Editions,Snow on the Beach,4,I don't even dare to wish it,39
Midnights - All Editions,Snow on the Beach,4,But your eyes are flying saucers from another planet,40
Midnights - All Editions,Snow on the Beach,4,Now I'm all for you like Janet,41
Midnights - All Editions,Snow on the Beach,4,"Can this be a real thing, can it?",42
Midnights - All Editions,Snow on the Beach,4,Are we falling like,43
Midnights - All Editions,Snow on the Beach,4,Snow at the beach,44
Midnights - All Editions,Snow on the Beach,4,"Weird, but fuckin' beautiful",45
Midnights - All Editions,Snow on the Beach,4,Flying in a dream,46
Midnights - All Editions,Snow on the Beach,4,Stars by the pocketful,47
Midnights - All Editions,Snow on the Beach,4,"You wanting me tonight, feels impossible",48
Midnights - All Editions,Snow on the Beach,4,"But it's comin' down, no sound, it's all around",49
Midnights - All Editions,Snow on the Beach,4,Like snow on the beach,50
Midnights - All Editions,Snow on the Beach,4,Like snow on the beach,51
Midnights - All Editions,Snow on the Beach,4,Like snow on the beach,52
Midnights - All Editions,Snow on the Beach,4,Like snow,53
Midnights - All Editions,Snow on the Beach,4,"But it's comin' down, no sound, it's all around",54
Midnights - All Editions,Snow on the Beach,4,Like snow on the beach,55
Midnights - All Editions,Snow on the Beach,4,"(It's coming down, it's coming down, it's coming down, it's coming down)",56
Midnights - All Editions,Snow on the Beach,4,Like snow on the beach,57
Midnights - All Editions,Snow on the Beach,4,"(It's coming down, it's coming down, it's coming down, it's coming down)",58
Midnights - All Editions,Snow on the Beach,4,"(It's coming down, it's coming down, it's coming down, it's coming down)",59
Midnights - All Editions,Snow on the Beach,4,"(Down, it's coming down, it's coming down, it's coming down)",60
Midnights - All Editions,"You're on Your Own, Kid",5,Summer went away,1
Midnights - All Editions,"You're on Your Own, Kid",5,Still the yearning stays,2
Midnights - All Editions,"You're on Your Own, Kid",5,I play it cool with the best of them,3
Midnights - All Editions,"You're on Your Own, Kid",5,I wait patiently,4
Midnights - All Editions,"You're on Your Own, Kid",5,He's gonna notice me,5
Midnights - All Editions,"You're on Your Own, Kid",5,"It's okay, we're the best of friends",6
Midnights - All Editions,"You're on Your Own, Kid",5,Anyway,7
Midnights - All Editions,"You're on Your Own, Kid",5,I hear it in your voice,8
Midnights - All Editions,"You're on Your Own, Kid",5,You're smoking with your boys,9
Midnights - All Editions,"You're on Your Own, Kid",5,I touch my phone as if it's your face,10
Midnights - All Editions,"You're on Your Own, Kid",5,I didn't choose this town,11
Midnights - All Editions,"You're on Your Own, Kid",5,I dream of getting out,12
Midnights - All Editions,"You're on Your Own, Kid",5,There's just one who could make me stay,13
Midnights - All Editions,"You're on Your Own, Kid",5,All my days,14
Midnights - All Editions,"You're on Your Own, Kid",5,From sprinkler splashes to fireplace ashes,15
Midnights - All Editions,"You're on Your Own, Kid",5,I waited ages to see you there,16
Midnights - All Editions,"You're on Your Own, Kid",5,I search the party of better bodies,17
Midnights - All Editions,"You're on Your Own, Kid",5,Just to learn that you never cared,18
Midnights - All Editions,"You're on Your Own, Kid",5,"You're on your own, kid",19
Midnights - All Editions,"You're on Your Own, Kid",5,You always have been,20
Midnights - All Editions,"You're on Your Own, Kid",5,I see the great escape,21
Midnights - All Editions,"You're on Your Own, Kid",5,"So long, Daisy May",22
Midnights - All Editions,"You're on Your Own, Kid",5,"I picked the petals, he loves me not",23
Midnights - All Editions,"You're on Your Own, Kid",5,Something different bloomed,24
Midnights - All Editions,"You're on Your Own, Kid",5,Writing in my room,25
Midnights - All Editions,"You're on Your Own, Kid",5,I play my songs in the parking lot,26
Midnights - All Editions,"You're on Your Own, Kid",5,I'll run away,27
Midnights - All Editions,"You're on Your Own, Kid",5,From sprinkler splashes to fireplace ashes,28
Midnights - All Editions,"You're on Your Own, Kid",5,I called a taxi to take me there,29
Midnights - All Editions,"You're on Your Own, Kid",5,I search the party of better bodies,30
Midnights - All Editions,"You're on Your Own, Kid",5,Just to learn that my dreams aren't rare,31
Midnights - All Editions,"You're on Your Own, Kid",5,"You're on your own, kid",32
Midnights - All Editions,"You're on Your Own, Kid",5,You always have been,33
Midnights - All Editions,"You're on Your Own, Kid",5,From sprinkler splashes to fireplace ashes,34
Midnights - All Editions,"You're on Your Own, Kid",5,"I gave my blood, sweat, and tears for this",35
Midnights - All Editions,"You're on Your Own, Kid",5,I hosted parties and starved my body,36
Midnights - All Editions,"You're on Your Own, Kid",5,Like I'd be saved by a perfect kiss,37
Midnights - All Editions,"You're on Your Own, Kid",5,"The jokes weren't funny, I took the money",38
Midnights - All Editions,"You're on Your Own, Kid",5,My friends from home don't know what to say,39
Midnights - All Editions,"You're on Your Own, Kid",5,I looked around in a blood-soaked gown,40
Midnights - All Editions,"You're on Your Own, Kid",5,And I saw something they can't take away,41
Midnights - All Editions,"You're on Your Own, Kid",5,Cause there were pages turned with the bridges burned,42
Midnights - All Editions,"You're on Your Own, Kid",5,Everything you lose is a step you take,43
Midnights - All Editions,"You're on Your Own, Kid",5,"So make the friendship bracelets, take the moment and taste it",44
Midnights - All Editions,"You're on Your Own, Kid",5,You've got no reason to be afraid,45
Midnights - All Editions,"You're on Your Own, Kid",5,"You're on your own, kid",46
Midnights - All Editions,"You're on Your Own, Kid",5,"Yeah, you can face this",47
Midnights - All Editions,"You're on Your Own, Kid",5,"You're on your own, kid",48
Midnights - All Editions,"You're on Your Own, Kid",5,You always have been,49
Midnights - All Editions,Midnight Rain,6,Rain,1
Midnights - All Editions,Midnight Rain,6,He wanted it comfortable,2
Midnights - All Editions,Midnight Rain,6,I wanted that pain,3
Midnights - All Editions,Midnight Rain,6,He wanted a bride,4
Midnights - All Editions,Midnight Rain,6,I was making my own name,5
Midnights - All Editions,Midnight Rain,6,Chasing that fame,6
Midnights - All Editions,Midnight Rain,6,He stayed the same,7
Midnights - All Editions,Midnight Rain,6,All of me changed,8
Midnights - All Editions,Midnight Rain,6,Like midnight,9
Midnights - All Editions,Midnight Rain,6,My town was a wasteland,10
Midnights - All Editions,Midnight Rain,6,"Full of cages, full of fences",11
Midnights - All Editions,Midnight Rain,6,Pageant queens and big pretenders,12
Midnights - All Editions,Midnight Rain,6,But for some it was paradise,13
Midnights - All Editions,Midnight Rain,6,My boy was a montage,14
Midnights - All Editions,Midnight Rain,6,"A slow motion, love potion",15
Midnights - All Editions,Midnight Rain,6,Jumping off things in the ocean,16
Midnights - All Editions,Midnight Rain,6,I broke his heart 'cause he was nice,17
Midnights - All Editions,Midnight Rain,6,He was sunshine,18
Midnights - All Editions,Midnight Rain,6,I was midnight rain,19
Midnights - All Editions,Midnight Rain,6,He wanted it comfortable,20
Midnights - All Editions,Midnight Rain,6,I wanted that pain,21
Midnights - All Editions,Midnight Rain,6,He wanted a bride,22
Midnights - All Editions,Midnight Rain,6,I was making my own name,23
Midnights - All Editions,Midnight Rain,6,Chasing that fame,24
Midnights - All Editions,Midnight Rain,6,He stayed the same,25
Midnights - All Editions,Midnight Rain,6,All of me changed,26
Midnights - All Editions,Midnight Rain,6,Like midnight,27
Midnights - All Editions,Midnight Rain,6,It came like a postcard,28
Midnights - All Editions,Midnight Rain,6,Picture perfect shiny family,29
Midnights - All Editions,Midnight Rain,6,Holiday peppermint candy,30
Midnights - All Editions,Midnight Rain,6,But for him it's every day,31
Midnights - All Editions,Midnight Rain,6,So I peered through a window,32
Midnights - All Editions,Midnight Rain,6,"A deep portal, time travel",33
Midnights - All Editions,Midnight Rain,6,All the love we unravel,34
Midnights - All Editions,Midnight Rain,6,And the life I gave away,35
Midnights - All Editions,Midnight Rain,6,Cause he was sunshine,36
Midnights - All Editions,Midnight Rain,6,I was midnight rain,37
Midnights - All Editions,Midnight Rain,6,He wanted it comfortable,38
Midnights - All Editions,Midnight Rain,6,I wanted that pain,39
Midnights - All Editions,Midnight Rain,6,He wanted a bride,40
Midnights - All Editions,Midnight Rain,6,I was making my own name,41
Midnights - All Editions,Midnight Rain,6,Chasing that fame,42
Midnights - All Editions,Midnight Rain,6,He stayed the same,43
Midnights - All Editions,Midnight Rain,6,All of me changed,44
Midnights - All Editions,Midnight Rain,6,Like midnight,45
Midnights - All Editions,Midnight Rain,6,Rain,46
Midnights - All Editions,Midnight Rain,6,He wanted it comfortable,47
Midnights - All Editions,Midnight Rain,6,I wanted that pain,48
Midnights - All Editions,Midnight Rain,6,He wanted a bride,49
Midnights - All Editions,Midnight Rain,6,I was making my own name,50
Midnights - All Editions,Midnight Rain,6,Chasing that fame,51
Midnights - All Editions,Midnight Rain,6,He stayed the same,52
Midnights - All Editions,Midnight Rain,6,All of me changed,53
Midnights - All Editions,Midnight Rain,6,Like midnight,54
Midnights - All Editions,Midnight Rain,6,I guess sometimes we all get,55
Midnights - All Editions,Midnight Rain,6,"Just what we wanted, just what we wanted",56
Midnights - All Editions,Midnight Rain,6,And he never thinks of me,57
Midnights - All Editions,Midnight Rain,6,Except when I'm on TV,58
Midnights - All Editions,Midnight Rain,6,I guess sometimes we all get,59
Midnights - All Editions,Midnight Rain,6,"Some kind of haunted, some kind of haunted",60
Midnights - All Editions,Midnight Rain,6,And I never think of him,61
Midnights - All Editions,Midnight Rain,6,Except on midnights like this,62
Midnights - All Editions,Midnight Rain,6,Midnights like this,63
Midnights - All Editions,Question...?,7,(I remember),1
Midnights - All Editions,Question...?,7,"Good girl, sad boy",2
Midnights - All Editions,Question...?,7,"Big city, wrong choices",3
Midnights - All Editions,Question...?,7,We had one thing going on,4
Midnights - All Editions,Question...?,7,I swear that it was something,5
Midnights - All Editions,Question...?,7,Cause I don't remember who I was before you,6
Midnights - All Editions,Question...?,7,Painted all my nights,7
Midnights - All Editions,Question...?,7,A color I have searched for since,8
Midnights - All Editions,Question...?,7,But one thing after another,9
Midnights - All Editions,Question...?,7,"Fuckin' situations, circumstances",10
Midnights - All Editions,Question...?,7,Miscommunications and I,11
Midnights - All Editions,Question...?,7,Have to say,12
Midnights - All Editions,Question...?,7,By the way,13
Midnights - All Editions,Question...?,7,I just may like some explanations,14
Midnights - All Editions,Question...?,7,Can I ask you a question?,15
Midnights - All Editions,Question...?,7,Did you ever have someone kiss you in a crowded room,16
Midnights - All Editions,Question...?,7,And every single one of your friends was making fun of you,17
Midnights - All Editions,Question...?,7,But fifteen seconds later they were clapping too?,18
Midnights - All Editions,Question...?,7,Then what did you do?,19
Midnights - All Editions,Question...?,7,Did you leave her house in the middle of the night? Oh,20
Midnights - All Editions,Question...?,7,"Did you wish you'd put up more of a fight, oh",21
Midnights - All Editions,Question...?,7,When she said it was too much?,22
Midnights - All Editions,Question...?,7,Do you wish you could still touch her?,23
Midnights - All Editions,Question...?,7,It's just a question,24
Midnights - All Editions,Question...?,7,"Half-moon eyes, bad surprise",25
Midnights - All Editions,Question...?,7,Did you realize out of time?,26
Midnights - All Editions,Question...?,7,She was on your mind,27
Midnights - All Editions,Question...?,7,With some dickhead guy,28
Midnights - All Editions,Question...?,7,That you saw that night,29
Midnights - All Editions,Question...?,7,But you were on something,30
Midnights - All Editions,Question...?,7,It was one drink after another,31
Midnights - All Editions,Question...?,7,Fuckin' politics and gender roles,32
Midnights - All Editions,Question...?,7,And you're not sure and I don't know,33
Midnights - All Editions,Question...?,7,Got swept away in the gray,34
Midnights - All Editions,Question...?,7,I just may like to have a conversation,35
Midnights - All Editions,Question...?,7,Can I ask you a question?,36
Midnights - All Editions,Question...?,7,Did you ever have someone kiss you in a crowded room,37
Midnights - All Editions,Question...?,7,And every single one of your friends was making fun of you,38
Midnights - All Editions,Question...?,7,But fifteen seconds later they were clapping too?,39
Midnights - All Editions,Question...?,7,Then what did you do?,40
Midnights - All Editions,Question...?,7,Did you leave her house in the middle of the night? Oh,41
Midnights - All Editions,Question...?,7,"Did you wish you'd put up more of a fight, oh",42
Midnights - All Editions,Question...?,7,When she said it was too much?,43
Midnights - All Editions,Question...?,7,Do you wish you could still touch her?,44
Midnights - All Editions,Question...?,7,It's just a question,45
Midnights - All Editions,Question...?,7,Does it feel like everything's just like second best after that meteor strike?,46
Midnights - All Editions,Question...?,7,"And what's that that I heard, that you're still with her?",47
Midnights - All Editions,Question...?,7,"That's nice, I'm sure that's what's suitable",48
Midnights - All Editions,Question...?,7,And right,49
Midnights - All Editions,Question...?,7,But tonight,50
Midnights - All Editions,Question...?,7,Can I ask you a question? (Can I ask you a question?),51
Midnights - All Editions,Question...?,7,Did you ever have someone kiss you in a crowded room? (In a crowded room),52
Midnights - All Editions,Question...?,7,"And every single one of your friends was making fun of you (You, making fun of you)",53
Midnights - All Editions,Question...?,7,But fifteen seconds later they were clapping too?,54
Midnights - All Editions,Question...?,7,Then what did you do?,55
Midnights - All Editions,Question...?,7,Did you leave her house in the middle of the night? Oh,56
Midnights - All Editions,Question...?,7,"Did you wish you'd put up more of a fight, oh",57
Midnights - All Editions,Question...?,7,When she said it was too much?,58
Midnights - All Editions,Question...?,7,Do you wish you could still touch her?,59
Midnights - All Editions,Question...?,7,It's just a question,60
Midnights - All Editions,Vigilante Shit,8,Draw the cat eye sharp enough to kill a man,1
Midnights - All Editions,Vigilante Shit,8,"You did some bad things, but I'm the worst of them",2
Midnights - All Editions,Vigilante Shit,8,Sometimes I wonder which one will be your last lie,3
Midnights - All Editions,Vigilante Shit,8,They say looks can kill and I might try,4
Midnights - All Editions,Vigilante Shit,8,I don't dress for women,5
Midnights - All Editions,Vigilante Shit,8,I don't dress for men,6
Midnights - All Editions,Vigilante Shit,8,Lately I've been dressing for revenge,7
Midnights - All Editions,Vigilante Shit,8,"I don't start shit, but I can tell you how it ends",8
Midnights - All Editions,Vigilante Shit,8,"Don't get sad, get even",9
Midnights - All Editions,Vigilante Shit,8,So on the weekends,10
Midnights - All Editions,Vigilante Shit,8,I don't dress for friends,11
Midnights - All Editions,Vigilante Shit,8,Lately I've been dressing for revenge,12
Midnights - All Editions,Vigilante Shit,8,She needed cold hard proof so I gave her some,13
Midnights - All Editions,Vigilante Shit,8,"She had the envelope, where you think she got it from?",14
Midnights - All Editions,Vigilante Shit,8,"Now she gets the house, gets the kids, gets the pride",15
Midnights - All Editions,Vigilante Shit,8,Picture me thick as thieves with your ex-wife,16
Midnights - All Editions,Vigilante Shit,8,And she looks so pretty,17
Midnights - All Editions,Vigilante Shit,8,Driving in your Benz,18
Midnights - All Editions,Vigilante Shit,8,Lately she's been dressing for revenge,19
Midnights - All Editions,Vigilante Shit,8,"She don't start shit, but she can tell you how it ends",20
Midnights - All Editions,Vigilante Shit,8,"Don't get sad, get even",21
Midnights - All Editions,Vigilante Shit,8,So on the weekends,22
Midnights - All Editions,Vigilante Shit,8,She don't dress for friends,23
Midnights - All Editions,Vigilante Shit,8,Lately she's been dressing for revenge,24
Midnights - All Editions,Vigilante Shit,8,Ladies always rise above,25
Midnights - All Editions,Vigilante Shit,8,Ladies know what people want,26
Midnights - All Editions,Vigilante Shit,8,Someone sweet and kind and fun,27
Midnights - All Editions,Vigilante Shit,8,The lady simply had enough,28
Midnights - All Editions,Vigilante Shit,8,While he was doing lines,29
Midnights - All Editions,Vigilante Shit,8,And crossing all of mine,30
Midnights - All Editions,Vigilante Shit,8,Someone told his white collar crimes to the FBI,31
Midnights - All Editions,Vigilante Shit,8,And I don't dress for villains,32
Midnights - All Editions,Vigilante Shit,8,Or for innocents,33
Midnights - All Editions,Vigilante Shit,8,I'm on my vigilante shit again,34
Midnights - All Editions,Vigilante Shit,8,"I don't start shit, but I can tell you how it ends",35
Midnights - All Editions,Vigilante Shit,8,"Don't get sad, get even",36
Midnights - All Editions,Vigilante Shit,8,So on the weekends,37
Midnights - All Editions,Vigilante Shit,8,I don't dress for friends,38
Midnights - All Editions,Vigilante Shit,8,Lately I've been dressing for revenge,39
Midnights - All Editions,Bejeweled,9,"Baby love, I think I've been a little too kind",1
Midnights - All Editions,Bejeweled,9,Didn't notice you walking all over my peace of mind,2
Midnights - All Editions,Bejeweled,9,In the shoes I gave you as a present,3
Midnights - All Editions,Bejeweled,9,Putting someone first only works when you're in their top five,4
Midnights - All Editions,Bejeweled,9,And by the way,5
Midnights - All Editions,Bejeweled,9,I'm going out tonight,6
Midnights - All Editions,Bejeweled,9,Best believe I'm still bejeweled,7
Midnights - All Editions,Bejeweled,9,When I walk in the room,8
Midnights - All Editions,Bejeweled,9,I can still make the whole place shimmer,9
Midnights - All Editions,Bejeweled,9,And when I meet the band,10
Midnights - All Editions,Bejeweled,9,"They ask, ""Do you have a man?""",11
Midnights - All Editions,Bejeweled,9,"I could still say, ""I don't remember""",12
Midnights - All Editions,Bejeweled,9,Familiarity breeds contempt,13
Midnights - All Editions,Bejeweled,9,Don't put me in the basement,14
Midnights - All Editions,Bejeweled,9,When I want the penthouse of your heart,15
Midnights - All Editions,Bejeweled,9,Diamonds in my eyes,16
Midnights - All Editions,Bejeweled,9,I polish up real,17
Midnights - All Editions,Bejeweled,9,I polish up real nice,18
Midnights - All Editions,Bejeweled,9,Nice,19
Midnights - All Editions,Bejeweled,9,"Baby boy, I think I've been too good of a girl",20
Midnights - All Editions,Bejeweled,9,Too good of a girl,21
Midnights - All Editions,Bejeweled,9,Did all the extra credit then got graded on a curve,22
Midnights - All Editions,Bejeweled,9,I think it's time to teach some lessons,23
Midnights - All Editions,Bejeweled,9,I made you my world,24
Midnights - All Editions,Bejeweled,9,Have you heard?,25
Midnights - All Editions,Bejeweled,9,I can reclaim the land,26
Midnights - All Editions,Bejeweled,9,And I miss you,27
Midnights - All Editions,Bejeweled,9,But I miss sparkling,28
Midnights - All Editions,Bejeweled,9,(Nice) Best believe I'm still bejeweled,29
Midnights - All Editions,Bejeweled,9,When I walk in the room,30
Midnights - All Editions,Bejeweled,9,I can still make the whole place shimmer,31
Midnights - All Editions,Bejeweled,9,And when I meet the band,32
Midnights - All Editions,Bejeweled,9,"They ask, ""Do you have a man?""",33
Midnights - All Editions,Bejeweled,9,"I could still say, ""I don't remember""",34
Midnights - All Editions,Bejeweled,9,Familiarity breeds contempt,35
Midnights - All Editions,Bejeweled,9,Don't put me in the basement,36
Midnights - All Editions,Bejeweled,9,When I want the penthouse of your heart,37
Midnights - All Editions,Bejeweled,9,Diamonds in my eyes,38
Midnights - All Editions,Bejeweled,9,I polish up real,39
Midnights - All Editions,Bejeweled,9,I polish up real nice,40
Midnights - All Editions,Bejeweled,9,Nice,41
Midnights - All Editions,Bejeweled,9,Sapphire tears on my face,42
Midnights - All Editions,Bejeweled,9,Sadness became my whole sky,43
Midnights - All Editions,Bejeweled,9,But some guy said my aura's moonstone,44
Midnights - All Editions,Bejeweled,9,Just 'cause he was high,45
Midnights - All Editions,Bejeweled,9,And we're dancing all night,46
Midnights - All Editions,Bejeweled,9,And you can try,47
Midnights - All Editions,Bejeweled,9,To change my mind,48
Midnights - All Editions,Bejeweled,9,But you might have to wait in line,49
Midnights - All Editions,Bejeweled,9,What's a girl gonna do?,50
Midnights - All Editions,Bejeweled,9,A diamond's gotta shine,51
Midnights - All Editions,Bejeweled,9,Best believe I'm still bejeweled,52
Midnights - All Editions,Bejeweled,9,When I walk in the room,53
Midnights - All Editions,Bejeweled,9,I can still make the whole place shimmer,54
Midnights - All Editions,Bejeweled,9,And when I meet the band,55
Midnights - All Editions,Bejeweled,9,"They ask, ""Do you have a man?""",56
Midnights - All Editions,Bejeweled,9,"I could still say, ""I don't remember""",57
Midnights - All Editions,Bejeweled,9,Familiarity breeds contempt,58
Midnights - All Editions,Bejeweled,9,Don't put me in the basement,59
Midnights - All Editions,Bejeweled,9,When I want the penthouse of your heart,60
Midnights - All Editions,Bejeweled,9,Diamonds in my eyes,61
Midnights - All Editions,Bejeweled,9,I polish up real (Nice),62
Midnights - All Editions,Bejeweled,9,I polish up real nice,63
Midnights - All Editions,Bejeweled,9,And we're dancing all night,64
Midnights - All Editions,Bejeweled,9,And you can try,65
Midnights - All Editions,Bejeweled,9,To change my mind,66
Midnights - All Editions,Bejeweled,9,But you might have to wait in line,67
Midnights - All Editions,Bejeweled,9,What's a girl gonna do?,68
Midnights - All Editions,Bejeweled,9,What's a girl gonna do?,69
Midnights - All Editions,Bejeweled,9,I polish up nice,70
Midnights - All Editions,Bejeweled,9,Best believe I'm still bejeweled,71
Midnights - All Editions,Bejeweled,9,When I walk in the room,72
Midnights - All Editions,Bejeweled,9,I can still make the whole place shimmer,73
Midnights - All Editions,Labyrinth,10,It only hurts this much right now,1
Midnights - All Editions,Labyrinth,10,Was what I was thinking the whole time,2
Midnights - All Editions,Labyrinth,10,"Breathe in, breathe through, breathe deep, breathe out",3
Midnights - All Editions,Labyrinth,10,I'll be getting over you my whole life,4
Midnights - All Editions,Labyrinth,10,You know how scared I am of elevators,5
Midnights - All Editions,Labyrinth,10,Never trust it if it rises fast,6
Midnights - All Editions,Labyrinth,10,It can't last,7
Midnights - All Editions,Labyrinth,10,"Uh oh, I'm falling in love",8
Midnights - All Editions,Labyrinth,10,"Oh no, I'm falling in love again",9
Midnights - All Editions,Labyrinth,10,"Oh, I'm falling in love",10
Midnights - All Editions,Labyrinth,10,I thought the plane was going down,11
Midnights - All Editions,Labyrinth,10,How'd you turn it right around?,12
Midnights - All Editions,Labyrinth,10,It only feels this raw right now,13
Midnights - All Editions,Labyrinth,10,Lost in the labyrinth of my mind,14
Midnights - All Editions,Labyrinth,10,"Break up, break free, break through, break down",15
Midnights - All Editions,Labyrinth,10,You would break your back to make me break a smile,16
Midnights - All Editions,Labyrinth,10,You know how much I hate,17
Midnights - All Editions,Labyrinth,10,That everybody just expects me to bounce back,18
Midnights - All Editions,Labyrinth,10,Just like that,19
Midnights - All Editions,Labyrinth,10,"Uh oh, I'm falling in love",20
Midnights - All Editions,Labyrinth,10,"Oh no, I'm falling in love again",21
Midnights - All Editions,Labyrinth,10,"Oh, I'm falling in love",22
Midnights - All Editions,Labyrinth,10,I thought the plane was going down,23
Midnights - All Editions,Labyrinth,10,How'd you turn it right around?,24
Midnights - All Editions,Labyrinth,10,"Uh oh, I'm falling in love",25
Midnights - All Editions,Labyrinth,10,"Oh no, I'm falling in love again",26
Midnights - All Editions,Labyrinth,10,"Oh, I'm falling in love",27
Midnights - All Editions,Labyrinth,10,I thought the plane was going down,28
Midnights - All Editions,Labyrinth,10,How'd you turn it right around?,29
Midnights - All Editions,Labyrinth,10,"Uh oh, I'm falling in love (falling in love)",30
Midnights - All Editions,Labyrinth,10,"Oh no, I'm falling in love again (falling in love again)",31
Midnights - All Editions,Labyrinth,10,"Oh, I'm falling in love (falling in love)",32
Midnights - All Editions,Labyrinth,10,I thought the plane was going down,33
Midnights - All Editions,Labyrinth,10,How'd you turn it right around?,34
Midnights - All Editions,Labyrinth,10,"Uh oh, I'm falling in love (falling in love)",35
Midnights - All Editions,Labyrinth,10,"Oh no, I'm falling in love again (falling in love again)",36
Midnights - All Editions,Labyrinth,10,"Oh, I'm falling in love (falling in love)",37
Midnights - All Editions,Labyrinth,10,I thought the plane was going down,38
Midnights - All Editions,Labyrinth,10,How'd you turn it right around?,39
Midnights - All Editions,Labyrinth,10,(You know how much I hate it),40
Midnights - All Editions,Labyrinth,10,(You know how much I hate it),41
Midnights - All Editions,Labyrinth,10,(You know how much I hate it),42
Midnights - All Editions,Karma,11,You're talking shit for the hell of it,1
Midnights - All Editions,Karma,11,"Addicted to betrayal, but you're relevant",2
Midnights - All Editions,Karma,11,You're terrified to look down,3
Midnights - All Editions,Karma,11,"Cause if you dare, you'll see the glare",4
Midnights - All Editions,Karma,11,Of everyone you burned just to get there,5
Midnights - All Editions,Karma,11,It's coming back around,6
Midnights - All Editions,Karma,11,And I keep my side of the street clean,7
Midnights - All Editions,Karma,11,You wouldn't know what I mean,8
Midnights - All Editions,Karma,11,Cause karma is my boyfriend,9
Midnights - All Editions,Karma,11,Karma is a god,10
Midnights - All Editions,Karma,11,Karma is the breeze in my hair on the weekend,11
Midnights - All Editions,Karma,11,Karma's a relaxing thought,12
Midnights - All Editions,Karma,11,Aren't you envious that for you it's not?,13
Midnights - All Editions,Karma,11,"Sweet like honey, karma is a cat",14
Midnights - All Editions,Karma,11,Purring in my lap 'cause it loves me,15
Midnights - All Editions,Karma,11,Flexing like a goddamn acrobat,16
Midnights - All Editions,Karma,11,Me and karma vibe like that,17
Midnights - All Editions,Karma,11,"Spiderboy, king of thieves",18
Midnights - All Editions,Karma,11,Weave your little webs of opacity,19
Midnights - All Editions,Karma,11,My pennies made your crown,20
Midnights - All Editions,Karma,11,"Trick me once, trick me twice",21
Midnights - All Editions,Karma,11,Don't you know that cash ain't the only price?,22
Midnights - All Editions,Karma,11,It's coming back around,23
Midnights - All Editions,Karma,11,And I keep my side of the street clean,24
Midnights - All Editions,Karma,11,You wouldn't know what I mean,25
Midnights - All Editions,Karma,11,Cause karma is my boyfriend,26
Midnights - All Editions,Karma,11,Karma is a god,27
Midnights - All Editions,Karma,11,Karma is the breeze in my hair on the weekend,28
Midnights - All Editions,Karma,11,Karma's a relaxing thought,29
Midnights - All Editions,Karma,11,Aren't you envious that for you it's not?,30
Midnights - All Editions,Karma,11,"Sweet like honey, karma is a cat",31
Midnights - All Editions,Karma,11,Purring in my lap 'cause it loves me,32
Midnights - All Editions,Karma,11,Flexing like a goddamn acrobat,33
Midnights - All Editions,Karma,11,Me and karma vibe like that,34
Midnights - All Editions,Karma,11,Ask me what I learned from all those years,35
Midnights - All Editions,Karma,11,Ask me what I earned from all those tears,36
Midnights - All Editions,Karma,11,"Ask me why so many fade, but I'm still here",37
Midnights - All Editions,Karma,11,"(I'm still here, I'm still here)",38
Midnights - All Editions,Karma,11,Cause karma is the thunder,39
Midnights - All Editions,Karma,11,Rattling your ground,40
Midnights - All Editions,Karma,11,Karma's on your scent like a bounty hunter,41
Midnights - All Editions,Karma,11,Karma's gonna track you down,42
Midnights - All Editions,Karma,11,"Step by step, from town to town",43
Midnights - All Editions,Karma,11,"Sweet like justice, karma is a queen",44
Midnights - All Editions,Karma,11,Karma takes all my friends to the summit,45
Midnights - All Editions,Karma,11,Karma is the guy on the screen,46
Midnights - All Editions,Karma,11,Coming straight home to me,47
Midnights - All Editions,Karma,11,Cause karma is my boyfriend (Karma is my boyfriend),48
Midnights - All Editions,Karma,11,Karma is a god,49
Midnights - All Editions,Karma,11,Karma is the breeze in my hair on the weekend (Weekend),50
Midnights - All Editions,Karma,11,Karma's a relaxing thought,51
Midnights - All Editions,Karma,11,Aren't you envious that for you it's not?,52
Midnights - All Editions,Karma,11,"Sweet like honey, karma is a cat",53
Midnights - All Editions,Karma,11,Purring in my lap 'cause it loves me,54
Midnights - All Editions,Karma,11,Flexing like a goddamn acrobat,55
Midnights - All Editions,Karma,11,Me and karma vibe like that,56
Midnights - All Editions,Karma,11,Karma is my boyfriend,57
Midnights - All Editions,Karma,11,Karma is a god (Ah),58
Midnights - All Editions,Karma,11,"Uh-huh, mm",59
Midnights - All Editions,Karma,11,Karma's a relaxing thought,60
Midnights - All Editions,Sweet Nothing,12,I spy with my little tired eye,1
Midnights - All Editions,Sweet Nothing,12,Tiny as a firefly,2
Midnights - All Editions,Sweet Nothing,12,A pebble that we picked up last July,3
Midnights - All Editions,Sweet Nothing,12,Down deep inside your pocket,4
Midnights - All Editions,Sweet Nothing,12,We almost forgot it,5
Midnights - All Editions,Sweet Nothing,12,Does it ever miss Wicklow sometimes?,6
Midnights - All Editions,Sweet Nothing,12,Ooh,7
Midnights - All Editions,Sweet Nothing,12,Ooh,8
Midnights - All Editions,Sweet Nothing,12,They said the end is coming,9
Midnights - All Editions,Sweet Nothing,12,Everyone's up to something,10
Midnights - All Editions,Sweet Nothing,12,I find myself running home to your,11
Midnights - All Editions,Sweet Nothing,12,Sweet nothings,12
Midnights - All Editions,Sweet Nothing,12,"Outside, they're push and shoving",13
Midnights - All Editions,Sweet Nothing,12,You're in the kitchen humming,14
Midnights - All Editions,Sweet Nothing,12,All that you ever wanted from me was,15
Midnights - All Editions,Sweet Nothing,12,Sweet nothing,16
Midnights - All Editions,Sweet Nothing,12,On the way home,17
Midnights - All Editions,Sweet Nothing,12,I wrote a poem,18
Midnights - All Editions,Sweet Nothing,12,"You say, ""What a mind""",19
Midnights - All Editions,Sweet Nothing,12,This happens all the time,20
Midnights - All Editions,Sweet Nothing,12,Ooh,21
Midnights - All Editions,Sweet Nothing,12,Ooh,22
Midnights - All Editions,Sweet Nothing,12,Cause they said the end is coming,23
Midnights - All Editions,Sweet Nothing,12,Everyone's up to something,24
Midnights - All Editions,Sweet Nothing,12,I find myself running home to your,25
Midnights - All Editions,Sweet Nothing,12,Sweet nothings,26
Midnights - All Editions,Sweet Nothing,12,Outside they're push and shoving,27
Midnights - All Editions,Sweet Nothing,12,You're in the kitchen humming,28
Midnights - All Editions,Sweet Nothing,12,All that you ever wanted from me was,29
Midnights - All Editions,Sweet Nothing,12,Nothing,30
Midnights - All Editions,Sweet Nothing,12,Industry disrupters and soul deconstructors,31
Midnights - All Editions,Sweet Nothing,12,And smooth-talking hucksters,32
Midnights - All Editions,Sweet Nothing,12,Out glad-handing each other,33
Midnights - All Editions,Sweet Nothing,12,And the voices that implore,34
Midnights - All Editions,Sweet Nothing,12,"""You should be doing more""",35
Midnights - All Editions,Sweet Nothing,12,To you I can admit,36
Midnights - All Editions,Sweet Nothing,12,That I'm just too soft for all of it,37
Midnights - All Editions,Sweet Nothing,12,Ooh,38
Midnights - All Editions,Sweet Nothing,12,They said the end is coming,39
Midnights - All Editions,Sweet Nothing,12,Everyone's up to something,40
Midnights - All Editions,Sweet Nothing,12,I find myself running home to your,41
Midnights - All Editions,Sweet Nothing,12,Sweet nothings,42
Midnights - All Editions,Sweet Nothing,12,"Outside, they're push and shoving",43
Midnights - All Editions,Sweet Nothing,12,You're in the kitchen humming,44
Midnights - All Editions,Sweet Nothing,12,All that you ever wanted from me was,45
Midnights - All Editions,Sweet Nothing,12,Sweet nothing,46
Midnights - All Editions,Sweet Nothing,12,They said the end is coming (They said the end is coming),47
Midnights - All Editions,Sweet Nothing,12,Everyone's up to something (Everyone's up to something),48
Midnights - All Editions,Sweet Nothing,12,I find myself running home to your,49
Midnights - All Editions,Sweet Nothing,12,Sweet nothings,50
Midnights - All Editions,Sweet Nothing,12,"Outside, they're push and shoving (Outside, they're push and shoving)",51
Midnights - All Editions,Sweet Nothing,12,You're in the kitchen humming (You're in the kitchen humming),52
Midnights - All Editions,Sweet Nothing,12,All that you ever wanted from me was,53
Midnights - All Editions,Sweet Nothing,12,Sweet nothing,54
Midnights - All Editions,Mastermind,13,"Once upon a time, the planets and the fates and all the stars aligned",1
Midnights - All Editions,Mastermind,13,You and I ended up in the same room at the same time,2
Midnights - All Editions,Mastermind,13,And the touch of a hand lit the fuse,3
Midnights - All Editions,Mastermind,13,Of a chain reaction of countermoves,4
Midnights - All Editions,Mastermind,13,To assess the equation of you,5
Midnights - All Editions,Mastermind,13,"Checkmate, I couldn't lose",6
Midnights - All Editions,Mastermind,13,What if I told you none of it was accidental,7
Midnights - All Editions,Mastermind,13,"And the first night that you saw me, nothing was gonna stop me",8
Midnights - All Editions,Mastermind,13,I laid the groundwork and then just like clockwork,9
Midnights - All Editions,Mastermind,13,The dominoes cascaded in a line,10
Midnights - All Editions,Mastermind,13,What if I told you I'm a mastermind?,11
Midnights - All Editions,Mastermind,13,And now you're mine,12
Midnights - All Editions,Mastermind,13,It was all by design,13
Midnights - All Editions,Mastermind,13,Cause I'm a mastermind,14
Midnights - All Editions,Mastermind,13,You see all the wisest women had to do it this way,15
Midnights - All Editions,Mastermind,13,Cause we were born to be the pawn in every lover's game,16
Midnights - All Editions,Mastermind,13,"If you fail to plan, you plan to fail",17
Midnights - All Editions,Mastermind,13,Strategy sets the scene for the tale,18
Midnights - All Editions,Mastermind,13,I'm the wind in our free-flowing sails,19
Midnights - All Editions,Mastermind,13,And the liquor in our cocktails,20
Midnights - All Editions,Mastermind,13,What if I told you none of it was accidental,21
Midnights - All Editions,Mastermind,13,"And the first night that you saw me, I knew I wanted your body",22
Midnights - All Editions,Mastermind,13,I laid the groundwork and then just like clockwork,23
Midnights - All Editions,Mastermind,13,The dominoes cascaded in a line,24
Midnights - All Editions,Mastermind,13,What if I told you I'm a mastermind?,25
Midnights - All Editions,Mastermind,13,And now you're mine,26
Midnights - All Editions,Mastermind,13,It was all my design,27
Midnights - All Editions,Mastermind,13,Cause I'm a mastermind,28
Midnights - All Editions,Mastermind,13,No one wanted to play with me as a little kid,29
Midnights - All Editions,Mastermind,13,So I've been scheming like a criminal ever since,30
Midnights - All Editions,Mastermind,13,To make them love me and make it seem effortless,31
Midnights - All Editions,Mastermind,13,This is the first time I've felt the need to confess,32
Midnights - All Editions,Mastermind,13,And I swear,33
Midnights - All Editions,Mastermind,13,I'm only cryptic and Machiavellian 'cause I care,34
Midnights - All Editions,Mastermind,13,So I told you none of it was accidental,35
Midnights - All Editions,Mastermind,13,"And the first night that you saw me, nothing was gonna stop me",36
Midnights - All Editions,Mastermind,13,I laid the groundwork and then saw a wide smirk,37
Midnights - All Editions,Mastermind,13,"On your face, you knew the entire time",38
Midnights - All Editions,Mastermind,13,You knew that I'm a mastermind,39
Midnights - All Editions,Mastermind,13,And now you're mine,40
Midnights - All Editions,Mastermind,13,"Yeah, all you did was smile",41
Midnights - All Editions,Mastermind,13,Cause I'm a mastermind,42
Midnights - All Editions,Hits Different,14,I washed my hands of us at the club,1
Midnights - All Editions,Hits Different,14,You made a mess of me,2
Midnights - All Editions,Hits Different,14,I pictured you with other girls in love,3
Midnights - All Editions,Hits Different,14,Then threw up on the street,4
Midnights - All Editions,Hits Different,14,Like waiting for a bus that never shows,5
Midnights - All Editions,Hits Different,14,You just start walkin' on,6
Midnights - All Editions,Hits Different,14,"They say that if it's right, you know",7
Midnights - All Editions,Hits Different,14,Each bar plays our song,8
Midnights - All Editions,Hits Different,14,Nothing has ever felt so wrong,9
Midnights - All Editions,Hits Different,14,"Oh, my, love is a lie",10
Midnights - All Editions,Hits Different,14,Shit my friends say to get me by,11
Midnights - All Editions,Hits Different,14,It hits different,12
Midnights - All Editions,Hits Different,14,It hits different this time,13
Midnights - All Editions,Hits Different,14,Catastrophic blues,14
Midnights - All Editions,Hits Different,14,Movin' on was always easy for me to do,15
Midnights - All Editions,Hits Different,14,It hits different,16
Midnights - All Editions,Hits Different,14,It hits different 'cause it's you,17
Midnights - All Editions,Hits Different,14,('Cause it's you),18
Midnights - All Editions,Hits Different,14,"I used to switch out these Kens, I'd just ghost",19
Midnights - All Editions,Hits Different,14,Rip the band-aid off and skip town like an asshole outlaw,20
Midnights - All Editions,Hits Different,14,Freedom felt like summer then on the coast,21
Midnights - All Editions,Hits Different,14,Now the sun burns my heart and the sand hurts my feelings,22
Midnights - All Editions,Hits Different,14,And I never don't cry (And I never don't cry) at the bar,23
Midnights - All Editions,Hits Different,14,"Yeah, my sadness is contagious (My sadness is contagious)",24
Midnights - All Editions,Hits Different,14,I slur your name 'til someone puts me in a car,25
Midnights - All Editions,Hits Different,14,I stopped receiving invitations,26
Midnights - All Editions,Hits Different,14,"Oh, my, love is a lie",27
Midnights - All Editions,Hits Different,14,Shit my friends say to get me by,28
Midnights - All Editions,Hits Different,14,It hits different,29
Midnights - All Editions,Hits Different,14,It hits different this time,30
Midnights - All Editions,Hits Different,14,Catastrophic blues,31
Midnights - All Editions,Hits Different,14,Movin' on was always easy for me to do,32
Midnights - All Editions,Hits Different,14,It hits different,33
Midnights - All Editions,Hits Different,14,It hits different 'cause it's you,34
Midnights - All Editions,Hits Different,14,('Cause it's you),35
Midnights - All Editions,Hits Different,14,"I find the artifacts, cried over a hat",36
Midnights - All Editions,Hits Different,14,Cursed the space that I needed,37
Midnights - All Editions,Hits Different,14,"I trace the evidence, make it make some sense",38
Midnights - All Editions,Hits Different,14,Why the wound is still bleedin',39
Midnights - All Editions,Hits Different,14,You were the one that I loved,40
Midnights - All Editions,Hits Different,14,"Don't need another metaphor, it's simple enough",41
Midnights - All Editions,Hits Different,14,A wrinkle in time like the crease by your eyes,42
Midnights - All Editions,Hits Different,14,This is why they shouldn't kill off the main guy,43
Midnights - All Editions,Hits Different,14,Dreams of your hair and your stare and sense of belief,44
Midnights - All Editions,Hits Different,14,"In the good in the world, you once believed in me",45
Midnights - All Editions,Hits Different,14,And I felt you and I held you for a while,46
Midnights - All Editions,Hits Different,14,Bet I could still melt your world,47
Midnights - All Editions,Hits Different,14,"Argumentative, antithetical dream girl",48
Midnights - All Editions,Hits Different,14,I heard your key turn in the door down the hallway,49
Midnights - All Editions,Hits Different,14,Is that your key in the door?,50
Midnights - All Editions,Hits Different,14,Is it okay? Is it you?,51
Midnights - All Editions,Hits Different,14,Or have they come to take me away?,52
Midnights - All Editions,Hits Different,14,To take me away,53
Midnights - All Editions,Hits Different,14,"Oh, my, love is a lie",54
Midnights - All Editions,Hits Different,14,Shit my friends say to get me by,55
Midnights - All Editions,Hits Different,14,It hits different (It hits different),56
Midnights - All Editions,Hits Different,14,It hits different this time,57
Midnights - All Editions,Hits Different,14,Catastrophic blues,58
Midnights - All Editions,Hits Different,14,Movin' on was always easy for me to do,59
Midnights - All Editions,Hits Different,14,It hits different (It hits different),60
Midnights - All Editions,Hits Different,14,It hits different 'cause it's you,61
Midnights - All Editions,Hits Different,14,"Oh, my, love is a lie",62
Midnights - All Editions,Hits Different,14,Shit my friends say to get me by,63
Midnights - All Editions,Hits Different,14,Cause it's you,64
Midnights - All Editions,Hits Different,14,Catastrophic blues,65
Midnights - All Editions,Hits Different,14,Movin' on was always easy for me to do,66
Midnights - All Editions,Hits Different,14,It hits different (Yeah),67
Midnights - All Editions,Hits Different,14,It hits different 'cause it's you,68
Midnights - All Editions,The Great War,15,My knuckles were bruised like violets,1
Midnights - All Editions,The Great War,15,Sucker punching walls,2
Midnights - All Editions,The Great War,15,Cursed you as I sleep talked,3
Midnights - All Editions,The Great War,15,Spineless in my tomb of silence,4
Midnights - All Editions,The Great War,15,Tore your banners down,5
Midnights - All Editions,The Great War,15,Took the battle underground,6
Midnights - All Editions,The Great War,15,And maybe it was egos swinging,7
Midnights - All Editions,The Great War,15,Maybe it was her,8
Midnights - All Editions,The Great War,15,Flashes of the battle come back to me in a blur,9
Midnights - All Editions,The Great War,15,"All that bloodshed, crimson clover",10
Midnights - All Editions,The Great War,15,"Uh-huh, sweet dream was over",11
Midnights - All Editions,The Great War,15,My hand was the one you reached for,12
Midnights - All Editions,The Great War,15,All throughout the Great War,13
Midnights - All Editions,The Great War,15,"Always remember, uh-huh",14
Midnights - All Editions,The Great War,15,"Tears on the letter, I vowed",15
Midnights - All Editions,The Great War,15,Not to cry anymore,16
Midnights - All Editions,The Great War,15,If we survived the Great War,17
Midnights - All Editions,The Great War,15,You drew up some good faith treaties,18
Midnights - All Editions,The Great War,15,I drew curtains closed,19
Midnights - All Editions,The Great War,15,Drank my poison all alone,20
Midnights - All Editions,The Great War,15,You said I have to trust more freely,21
Midnights - All Editions,The Great War,15,But diesel is desire,22
Midnights - All Editions,The Great War,15,You were playing with fire,23
Midnights - All Editions,The Great War,15,And maybe it's the past that's talking,24
Midnights - All Editions,The Great War,15,Screaming from the crypt,25
Midnights - All Editions,The Great War,15,Telling me to punish you for things you never did,26
Midnights - All Editions,The Great War,15,So I justified it,27
Midnights - All Editions,The Great War,15,"All that bloodshed, crimson clover",28
Midnights - All Editions,The Great War,15,"Uh-huh, the bombs were closer",29
Midnights - All Editions,The Great War,15,My hand was the one you reached for,30
Midnights - All Editions,The Great War,15,All throughout the Great War,31
Midnights - All Editions,The Great War,15,"Always remember, uh-huh",32
Midnights - All Editions,The Great War,15,"The burning embers, I vowed",33
Midnights - All Editions,The Great War,15,Not to fight anymore,34
Midnights - All Editions,The Great War,15,If we survived the Great War,35
Midnights - All Editions,The Great War,15,"Uh-huh, uh-huh",36
Midnights - All Editions,The Great War,15,It turned into something bigger,37
Midnights - All Editions,The Great War,15,Somewhere in the haze,38
Midnights - All Editions,The Great War,15,Got a sense I'd been betrayed,39
Midnights - All Editions,The Great War,15,Your finger on my hairpin triggers,40
Midnights - All Editions,The Great War,15,Soldier down on that icy ground,41
Midnights - All Editions,The Great War,15,Looked up at me with honor and truth,42
Midnights - All Editions,The Great War,15,Broken and blue,43
Midnights - All Editions,The Great War,15,So I called off the troops,44
Midnights - All Editions,The Great War,15,That was the night I nearly lost you,45
Midnights - All Editions,The Great War,15,I really thought I'd lost you,46
Midnights - All Editions,The Great War,15,We can plant a memory garden,47
Midnights - All Editions,The Great War,15,Say a solemn prayer,48
Midnights - All Editions,The Great War,15,Place a poppy in my hair,49
Midnights - All Editions,The Great War,15,There's no morning glory,50
Midnights - All Editions,The Great War,15,"It was war, it wasn't fair",51
Midnights - All Editions,The Great War,15,And we will never go back to that,52
Midnights - All Editions,The Great War,15,"Bloodshed, crimson clover",53
Midnights - All Editions,The Great War,15,"Uh-huh, the worst was over",54
Midnights - All Editions,The Great War,15,My hand was the one you reached for,55
Midnights - All Editions,The Great War,15,All throughout the Great War,56
Midnights - All Editions,The Great War,15,"Always remember, uh-huh",57
Midnights - All Editions,The Great War,15,"We're burned for better, I vowed",58
Midnights - All Editions,The Great War,15,I would always be yours,59
Midnights - All Editions,The Great War,15,Cause we survived the Great War,60
Midnights - All Editions,The Great War,15,"Uh-huh, uh-huh",61
Midnights - All Editions,The Great War,15,I will always be yours,62
Midnights - All Editions,The Great War,15,Cause we survived the Great War,63
Midnights - All Editions,The Great War,15,Uh-huh,64
Midnights - All Editions,The Great War,15,I vowed I will always be yours,65
Midnights - All Editions,Bigger than the Whole Sky,16,No words appear before me in the aftermath,1
Midnights - All Editions,Bigger than the Whole Sky,16,Salt streams out my eyes and into my ears,2
Midnights - All Editions,Bigger than the Whole Sky,16,Every single thing I touch becomes sick with sadness,3
Midnights - All Editions,Bigger than the Whole Sky,16,"Cause it's all over now, all out to sea",4
Midnights - All Editions,Bigger than the Whole Sky,16,"Goodbye, goodbye, goodbye",5
Midnights - All Editions,Bigger than the Whole Sky,16,You were bigger than the whole sky,6
Midnights - All Editions,Bigger than the Whole Sky,16,You were more than just a short time,7
Midnights - All Editions,Bigger than the Whole Sky,16,And I've got a lot to pine about,8
Midnights - All Editions,Bigger than the Whole Sky,16,I've got a lot to live without,9
Midnights - All Editions,Bigger than the Whole Sky,16,I'm never gonna meet,10
Midnights - All Editions,Bigger than the Whole Sky,16,"What could've been, would've been",11
Midnights - All Editions,Bigger than the Whole Sky,16,What should've been you,12
Midnights - All Editions,Bigger than the Whole Sky,16,"What could've been, would've been you",13
Midnights - All Editions,Bigger than the Whole Sky,16,Did some bird flap its wings over in Asia?,14
Midnights - All Editions,Bigger than the Whole Sky,16,Did some force take you because I didn't pray?,15
Midnights - All Editions,Bigger than the Whole Sky,16,Every single thing to come has turned into ashes,16
Midnights - All Editions,Bigger than the Whole Sky,16,"Cause it's all over, it's not meant to be",17
Midnights - All Editions,Bigger than the Whole Sky,16,So I'll say words I don't believe,18
Midnights - All Editions,Bigger than the Whole Sky,16,"Goodbye, goodbye, goodbye",19
Midnights - All Editions,Bigger than the Whole Sky,16,You were bigger than the whole sky,20
Midnights - All Editions,Bigger than the Whole Sky,16,You were more than just a short time,21
Midnights - All Editions,Bigger than the Whole Sky,16,And I've got a lot to pine about,22
Midnights - All Editions,Bigger than the Whole Sky,16,I've got a lot to live without,23
Midnights - All Editions,Bigger than the Whole Sky,16,I'm never gonna meet,24
Midnights - All Editions,Bigger than the Whole Sky,16,"What could've been, would've been",25
Midnights - All Editions,Bigger than the Whole Sky,16,What should've been you,26
Midnights - All Editions,Bigger than the Whole Sky,16,"What could've been, would've been you",27
Midnights - All Editions,Bigger than the Whole Sky,16,"What could've been, would've been",28
Midnights - All Editions,Bigger than the Whole Sky,16,What should've been you,29
Midnights - All Editions,Bigger than the Whole Sky,16,"What could've been, would've been you",30
Midnights - All Editions,Bigger than the Whole Sky,16,"(What could've been, would've been you)",31
Midnights - All Editions,Bigger than the Whole Sky,16,"Goodbye, goodbye, goodbye",32
Midnights - All Editions,Bigger than the Whole Sky,16,You were bigger than the whole sky,33
Midnights - All Editions,Bigger than the Whole Sky,16,You were more than just a short time,34
Midnights - All Editions,Bigger than the Whole Sky,16,And I've got a lot to pine about,35
Midnights - All Editions,Bigger than the Whole Sky,16,I've got a lot to live without,36
Midnights - All Editions,Bigger than the Whole Sky,16,I'm never gonna meet,37
Midnights - All Editions,Bigger than the Whole Sky,16,"What could've been, would've been",38
Midnights - All Editions,Bigger than the Whole Sky,16,What should've been you,39
Midnights - All Editions,Paris,17,"""Your ex-friend's sister",1
Midnights - All Editions,Paris,17,Met someone at a club and he kissed her,2
Midnights - All Editions,Paris,17,"Turns out, it was that guy you hooked up with ages ago",3
Midnights - All Editions,Paris,17,Some wannabe Z-lister,4
Midnights - All Editions,Paris,17,And all the outfits were terrible,5
Midnights - All Editions,Paris,17,2003 unbearable,6
Midnights - All Editions,Paris,17,"Did you see the photos?""",7
Midnights - All Editions,Paris,17,"No, I didn't, but thanks, though",8
Midnights - All Editions,Paris,17,I'm so in love that I might stop breathing,9
Midnights - All Editions,Paris,17,Drew a map on your bedroom ceiling,10
Midnights - All Editions,Paris,17,"No, I didn't see the news",11
Midnights - All Editions,Paris,17,Cause we were somewhere else,12
Midnights - All Editions,Paris,17,Stumbled down pretend alleyways,13
Midnights - All Editions,Paris,17,"Cheap wine, make believe it's champagne",14
Midnights - All Editions,Paris,17,I was taken by the view,15
Midnights - All Editions,Paris,17,Like we were in Paris,16
Midnights - All Editions,Paris,17,Like we were somewhere else,17
Midnights - All Editions,Paris,17,"Like we were in Paris, oh",18
Midnights - All Editions,Paris,17,We were somewhere else,19
Midnights - All Editions,Paris,17,Privacy sign on the door,20
Midnights - All Editions,Paris,17,And on my page and on the whole world,21
Midnights - All Editions,Paris,17,Romance is not dead if you keep it just yours,22
Midnights - All Editions,Paris,17,Levitate above all the messes made,23
Midnights - All Editions,Paris,17,Sit quiet by my side in the shade,24
Midnights - All Editions,Paris,17,And not the kind that's thrown,25
Midnights - All Editions,Paris,17,"I mean, the kind under where a tree has grown",26
Midnights - All Editions,Paris,17,I'm so in love that I might stop breathing,27
Midnights - All Editions,Paris,17,Drew a map on your bedroom ceiling,28
Midnights - All Editions,Paris,17,"No, I didn't see the news",29
Midnights - All Editions,Paris,17,Cause we were somewhere else,30
Midnights - All Editions,Paris,17,Stumbled down pretend alleyways,31
Midnights - All Editions,Paris,17,"Cheap wine, make believe it's champagne",32
Midnights - All Editions,Paris,17,I was taken by the view,33
Midnights - All Editions,Paris,17,"Like we were in Paris, oh",34
Midnights - All Editions,Paris,17,Like we were somewhere else,35
Midnights - All Editions,Paris,17,"Like we were in Paris, oh",36
Midnights - All Editions,Paris,17,We were somewhere else,37
Midnights - All Editions,Paris,17,I wanna brainwash you,38
Midnights - All Editions,Paris,17,Into loving me forever,39
Midnights - All Editions,Paris,17,I wanna transport you,40
Midnights - All Editions,Paris,17,To somewhere the culture's clever,41
Midnights - All Editions,Paris,17,Confess my truth,42
Midnights - All Editions,Paris,17,"In swooping, sloping, cursive letters",43
Midnights - All Editions,Paris,17,Let the only flashing lights be the tower at midnight,44
Midnights - All Editions,Paris,17,In my mind,45
Midnights - All Editions,Paris,17,We drew a map on your bedroom ceiling,46
Midnights - All Editions,Paris,17,"No, I didn't see the news",47
Midnights - All Editions,Paris,17,Cause we were somewhere else,48
Midnights - All Editions,Paris,17,"In an alleyway, drinking champagne",49
Midnights - All Editions,Paris,17,Cause we were in Paris,50
Midnights - All Editions,Paris,17,"Yes, we were somewhere else",51
Midnights - All Editions,Paris,17,"My love, we were in Paris",52
Midnights - All Editions,Paris,17,"Yes, we were somewhere else",53
Midnights - All Editions,High Infidelity,18,Lock broken,1
Midnights - All Editions,High Infidelity,18,Slur spoken,2
Midnights - All Editions,High Infidelity,18,Wound open,3
Midnights - All Editions,High Infidelity,18,Game token,4
Midnights - All Editions,High Infidelity,18,I didn't know you were keeping count,5
Midnights - All Editions,High Infidelity,18,Rain soaking,6
Midnights - All Editions,High Infidelity,18,Blind hoping,7
Midnights - All Editions,High Infidelity,18,You said I was freeloading,8
Midnights - All Editions,High Infidelity,18,I didn't know you were keeping count,9
Midnights - All Editions,High Infidelity,18,High infidelity,10
Midnights - All Editions,High Infidelity,18,Put on your records and regret me,11
Midnights - All Editions,High Infidelity,18,I bent the truth too far tonight,12
Midnights - All Editions,High Infidelity,18,"I was dancing around, dancing around it",13
Midnights - All Editions,High Infidelity,18,High infidelity,14
Midnights - All Editions,High Infidelity,18,Put on your headphones and burn my city,15
Midnights - All Editions,High Infidelity,18,Your picket fence is sharp as knives,16
Midnights - All Editions,High Infidelity,18,"I was dancing around, dancing around it",17
Midnights - All Editions,High Infidelity,18,Do you really want to know where I was April 29th?,18
Midnights - All Editions,High Infidelity,18,Do I really have to chart the constellations in his eyes?,19
Midnights - All Editions,High Infidelity,18,Storm coming,20
Midnights - All Editions,High Infidelity,18,Good husband,21
Midnights - All Editions,High Infidelity,18,Bad omen,22
Midnights - All Editions,High Infidelity,18,Dragged my feet right down the aisle,23
Midnights - All Editions,High Infidelity,18,At the house lonely,24
Midnights - All Editions,High Infidelity,18,Good money,25
Midnights - All Editions,High Infidelity,18,"I'd pay, if you'd just know me",26
Midnights - All Editions,High Infidelity,18,Seemed like the right thing at the time,27
Midnights - All Editions,High Infidelity,18,You know there's many different ways that you can kill the one you love,28
Midnights - All Editions,High Infidelity,18,The slowest way is never loving them enough,29
Midnights - All Editions,High Infidelity,18,Do you really want to know where I was April 29th?,30
Midnights - All Editions,High Infidelity,18,Do I really have to tell you how he brought me back to life?,31
Midnights - All Editions,High Infidelity,18,High infidelity,32
Midnights - All Editions,High Infidelity,18,Put on your records and regret me,33
Midnights - All Editions,High Infidelity,18,I bent the truth too far tonight,34
Midnights - All Editions,High Infidelity,18,"I was dancing around, dancing around it",35
Midnights - All Editions,High Infidelity,18,High infidelity,36
Midnights - All Editions,High Infidelity,18,Put on your headphones and burn my city,37
Midnights - All Editions,High Infidelity,18,Your picket fence is sharp as knives,38
Midnights - All Editions,High Infidelity,18,"I was dancing around, dancing around it",39
Midnights - All Editions,High Infidelity,18,Do you really want to know where I was April 29th?,40
Midnights - All Editions,High Infidelity,18,Do I really have to chart the constellations in his eyes?,41
Midnights - All Editions,High Infidelity,18,You know there's many different ways that you can kill the one you love,42
Midnights - All Editions,High Infidelity,18,The slowest way is never loving them enough,43
Midnights - All Editions,High Infidelity,18,High infidelity,44
Midnights - All Editions,High Infidelity,18,Put on your records and regret meeting me,45
Midnights - All Editions,High Infidelity,18,I bent the truth too far tonight,46
Midnights - All Editions,High Infidelity,18,"I was dancing around, dancing around it",47
Midnights - All Editions,High Infidelity,18,High infidelity,48
Midnights - All Editions,High Infidelity,18,Put on your headphones and burn my city,49
Midnights - All Editions,High Infidelity,18,Your picket fence is sharp as knives,50
Midnights - All Editions,High Infidelity,18,"I was dancing around, dancing around it",51
Midnights - All Editions,High Infidelity,18,"Oh, there's many different ways that you can kill the one you love",52
Midnights - All Editions,High Infidelity,18,"And it's never enough, it's never enough",53
Midnights - All Editions,High Infidelity,18,Lock broken,54
Midnights - All Editions,High Infidelity,18,Slur spoken,55
Midnights - All Editions,High Infidelity,18,Wound open,56
Midnights - All Editions,High Infidelity,18,Game token,57
Midnights - All Editions,High Infidelity,18,I didn't know you were keeping count,58
Midnights - All Editions,High Infidelity,18,Rain soaking,59
Midnights - All Editions,High Infidelity,18,Blind hoping,60
Midnights - All Editions,High Infidelity,18,You said I was freeloading,61
Midnights - All Editions,High Infidelity,18,I didn't know you were keeping count,62
Midnights - All Editions,High Infidelity,18,"But, oh, you were keeping count",63
Midnights - All Editions,Glitch,19,We were supposed to be just friends,1
Midnights - All Editions,Glitch,19,You don't live in my part of town but maybe I'll see you out some weekend,2
Midnights - All Editions,Glitch,19,Depending on what kind of mood and situation-ship I'm in,3
Midnights - All Editions,Glitch,19,And what's in my system,4
Midnights - All Editions,Glitch,19,"I think there's been a glitch, ah-yeah",5
Midnights - All Editions,Glitch,19,"Five seconds later I'm fastening myself to you with a stitch, ah-yeah",6
Midnights - All Editions,Glitch,19,And I'm not even sorry,7
Midnights - All Editions,Glitch,19,Nights are so starry,8
Midnights - All Editions,Glitch,19,Blood moonlit,9
Midnights - All Editions,Glitch,19,It must be counterfeit,10
Midnights - All Editions,Glitch,19,"I think there's been a glitch, ah-yeah",11
Midnights - All Editions,Glitch,19,I was supposed to sweat you out,12
Midnights - All Editions,Glitch,19,In search of glorious happenings of happenstance on someone else's playground,13
Midnights - All Editions,Glitch,19,"But it's been 2,190 days of our love blackout",14
Midnights - All Editions,Glitch,19,(Our love is blacking out),15
Midnights - All Editions,Glitch,19,The system's breaking down,16
Midnights - All Editions,Glitch,19,(The system's breaking down),17
Midnights - All Editions,Glitch,19,"I think there's been a glitch, ah-yeah",18
Midnights - All Editions,Glitch,19,"Five seconds later I'm fastening myself to you with a stitch, ah-yeah",19
Midnights - All Editions,Glitch,19,And I'm not even sorry,20
Midnights - All Editions,Glitch,19,Nights are so starry,21
Midnights - All Editions,Glitch,19,Blood moonlit,22
Midnights - All Editions,Glitch,19,It must be counterfeit,23
Midnights - All Editions,Glitch,19,"I think there's been a glitch, ah-yeah",24
Midnights - All Editions,Glitch,19,A brief interruption,25
Midnights - All Editions,Glitch,19,A slight malfunction,26
Midnights - All Editions,Glitch,19,I'd go back to wanting,27
Midnights - All Editions,Glitch,19,Dudes who give nothing,28
Midnights - All Editions,Glitch,19,I thought we had no chance,29
Midnights - All Editions,Glitch,19,And that's romance,30
Midnights - All Editions,Glitch,19,Let's dance,31
Midnights - All Editions,Glitch,19,"Glitch, ah-yeah",32
Midnights - All Editions,Glitch,19,"Five seconds later I'm fastening myself to you with a stitch, ah-yeah",33
Midnights - All Editions,Glitch,19,And I'm not even sorry,34
Midnights - All Editions,Glitch,19,Nights are so starry,35
Midnights - All Editions,Glitch,19,Blood moonlit,36
Midnights - All Editions,Glitch,19,It must be counterfeit,37
Midnights - All Editions,Glitch,19,I think there's been a glitch,38
Midnights - All Editions,"Would've, Could've, Should've",20,"If you would've blinked, then I would've",1
Midnights - All Editions,"Would've, Could've, Should've",20,Looked away at the first glance,2
Midnights - All Editions,"Would've, Could've, Should've",20,If you tasted poison you could've,3
Midnights - All Editions,"Would've, Could've, Should've",20,Spit me out at the first chance,4
Midnights - All Editions,"Would've, Could've, Should've",20,"If I was some paint, did it splatter",5
Midnights - All Editions,"Would've, Could've, Should've",20,On a promising grown man?,6
Midnights - All Editions,"Would've, Could've, Should've",20,"And if I was a child, did it matter",7
Midnights - All Editions,"Would've, Could've, Should've",20,If you got to wash your hands?,8
Midnights - All Editions,"Would've, Could've, Should've",20,"Oh, all I used to do was pray",9
Midnights - All Editions,"Would've, Could've, Should've",20,"Would've, could've, should've",10
Midnights - All Editions,"Would've, Could've, Should've",20,If you'd never looked my way,11
Midnights - All Editions,"Would've, Could've, Should've",20,I would've stayed on my knees,12
Midnights - All Editions,"Would've, Could've, Should've",20,And I damn sure never would've danced with the devil,13
Midnights - All Editions,"Would've, Could've, Should've",20,"At nineteen, and the god's honest truth is that the pain was heaven",14
Midnights - All Editions,"Would've, Could've, Should've",20,"And now that I'm grown, I'm scared of ghosts",15
Midnights - All Editions,"Would've, Could've, Should've",20,Memories feel like weapons,16
Midnights - All Editions,"Would've, Could've, Should've",20,And now that I know,17
Midnights - All Editions,"Would've, Could've, Should've",20,I wish you'd left me wondering,18
Midnights - All Editions,"Would've, Could've, Should've",20,If you never touched me I would've,19
Midnights - All Editions,"Would've, Could've, Should've",20,Gone along with the righteous,20
Midnights - All Editions,"Would've, Could've, Should've",20,If I never blushed then they could've,21
Midnights - All Editions,"Would've, Could've, Should've",20,Never whispered about this,22
Midnights - All Editions,"Would've, Could've, Should've",20,And if you never saved me from boredom,23
Midnights - All Editions,"Would've, Could've, Should've",20,I could've gone on as I was,24
Midnights - All Editions,"Would've, Could've, Should've",20,"But, lord, you made me feel important",25
Midnights - All Editions,"Would've, Could've, Should've",20,And then you tried to erase us,26
Midnights - All Editions,"Would've, Could've, Should've",20,"Oh, you're a crisis of my faith",27
Midnights - All Editions,"Would've, Could've, Should've",20,"Would've, could've, should've",28
Midnights - All Editions,"Would've, Could've, Should've",20,If I'd only played it safe,29
Midnights - All Editions,"Would've, Could've, Should've",20,I would've stayed on my knees,30
Midnights - All Editions,"Would've, Could've, Should've",20,And I damn sure never would've danced with the devil,31
Midnights - All Editions,"Would've, Could've, Should've",20,"At nineteen, and the god's honest truth is that the pain was heaven",32
Midnights - All Editions,"Would've, Could've, Should've",20,"And now that I'm grown, I'm scared of ghosts",33
Midnights - All Editions,"Would've, Could've, Should've",20,Memories feel like weapons,34
Midnights - All Editions,"Would've, Could've, Should've",20,And now that I know,35
Midnights - All Editions,"Would've, Could've, Should've",20,I wish you'd left me wondering,36
Midnights - All Editions,"Would've, Could've, Should've",20,God rest my soul,37
Midnights - All Editions,"Would've, Could've, Should've",20,I miss who I used to be,38
Midnights - All Editions,"Would've, Could've, Should've",20,The tomb won't close,39
Midnights - All Editions,"Would've, Could've, Should've",20,Stained glass windows in my mind,40
Midnights - All Editions,"Would've, Could've, Should've",20,I regret you all the time,41
Midnights - All Editions,"Would've, Could've, Should've",20,I can't let this go,42
Midnights - All Editions,"Would've, Could've, Should've",20,I fight with you in my sleep,43
Midnights - All Editions,"Would've, Could've, Should've",20,The wound won't close,44
Midnights - All Editions,"Would've, Could've, Should've",20,I keep on waiting for a sign,45
Midnights - All Editions,"Would've, Could've, Should've",20,I regret you all the time,46
Midnights - All Editions,"Would've, Could've, Should've",20,"If clarity's in death, then why won't this die?",47
Midnights - All Editions,"Would've, Could've, Should've",20,"Years of tearing down our banners, you and I",48
Midnights - All Editions,"Would've, Could've, Should've",20,Living for the thrill of hitting you where it hurts,49
Midnights - All Editions,"Would've, Could've, Should've",20,"Give me back my girlhood, it was mine first",50
Midnights - All Editions,"Would've, Could've, Should've",20,And I damn sure never would've danced with the devil,51
Midnights - All Editions,"Would've, Could've, Should've",20,"At nineteen, and the god's honest truth is that the pain was heaven",52
Midnights - All Editions,"Would've, Could've, Should've",20,"And now that I'm grown, I'm scared of ghosts",53
Midnights - All Editions,"Would've, Could've, Should've",20,Memories feel like weapons,54
Midnights - All Editions,"Would've, Could've, Should've",20,And now that I know,55
Midnights - All Editions,"Would've, Could've, Should've",20,I wish you'd left me wondering,56
Midnights - All Editions,"Would've, Could've, Should've",20,God rest my soul,57
Midnights - All Editions,"Would've, Could've, Should've",20,I miss who I used to be,58
Midnights - All Editions,"Would've, Could've, Should've",20,The tomb won't close,59
Midnights - All Editions,"Would've, Could've, Should've",20,Stained glass windows in my mind,60
Midnights - All Editions,"Would've, Could've, Should've",20,I regret you all the time,61
Midnights - All Editions,"Would've, Could've, Should've",20,I can't let this go,62
Midnights - All Editions,"Would've, Could've, Should've",20,I fight with you in my sleep,63
Midnights - All Editions,"Would've, Could've, Should've",20,The wound won't close,64
Midnights - All Editions,"Would've, Could've, Should've",20,I keep on waiting for a sign,65
Midnights - All Editions,"Would've, Could've, Should've",20,I regret you all the time,66
Midnights - All Editions,"Would've, Could've, Should've",20,"Oh, god rest my soul",67
Midnights - All Editions,"Would've, Could've, Should've",20,I miss who I used to be,68
Midnights - All Editions,"Would've, Could've, Should've",20,The tomb won't close,69
Midnights - All Editions,"Would've, Could've, Should've",20,Stained glass windows in my mind,70
Midnights - All Editions,"Would've, Could've, Should've",20,I regret you all the time,71
Midnights - All Editions,"Would've, Could've, Should've",20,I can't let this go,72
Midnights - All Editions,"Would've, Could've, Should've",20,I fight with you in my sleep,73
Midnights - All Editions,"Would've, Could've, Should've",20,The wound won't close,74
Midnights - All Editions,"Would've, Could've, Should've",20,I keep on waiting for a sign,75
Midnights - All Editions,"Would've, Could've, Should've",20,I regret you all the time,76
Midnights - All Editions,Dear Reader,21,"Dear reader, if it feels like a trap",1
Midnights - All Editions,Dear Reader,21,You're already in one,2
Midnights - All Editions,Dear Reader,21,"Dear reader, get out your map",3
Midnights - All Editions,Dear Reader,21,Pick somewhere and just run,4
Midnights - All Editions,Dear Reader,21,"Dear reader, burn all the files",5
Midnights - All Editions,Dear Reader,21,Desert all your past lives,6
Midnights - All Editions,Dear Reader,21,And if you don't recognize yourself,7
Midnights - All Editions,Dear Reader,21,That means you did it right,8
Midnights - All Editions,Dear Reader,21,Never take advice from someone who's falling apart,9
Midnights - All Editions,Dear Reader,21,Never take advice from someone who's falling apart (You should find another),10
Midnights - All Editions,Dear Reader,21,"Dear reader, bend when you can",11
Midnights - All Editions,Dear Reader,21,Snap when you have to,12
Midnights - All Editions,Dear Reader,21,"Dear reader, you don't have to answer",13
Midnights - All Editions,Dear Reader,21,Just 'cause they asked you,14
Midnights - All Editions,Dear Reader,21,(You should find another),15
Midnights - All Editions,Dear Reader,21,"Dear reader, the greatest of luxuries is your secrets",16
Midnights - All Editions,Dear Reader,21,"Dear reader, when you aim at the devil",17
Midnights - All Editions,Dear Reader,21,Make sure you don't miss,18
Midnights - All Editions,Dear Reader,21,Never take advice from someone who's falling apart,19
Midnights - All Editions,Dear Reader,21,Never take advice from someone who's falling apart,20
Midnights - All Editions,Dear Reader,21,So I wander through these nights,21
Midnights - All Editions,Dear Reader,21,I prefer hiding in plain sight,22
Midnights - All Editions,Dear Reader,21,My fourth drink in my hand,23
Midnights - All Editions,Dear Reader,21,These desperate prayers of a cursed man,24
Midnights - All Editions,Dear Reader,21,Spilling out to you for free,25
Midnights - All Editions,Dear Reader,21,"But darling, darling, please",26
Midnights - All Editions,Dear Reader,21,You wouldn't take my word for it if you knew who was talking,27
Midnights - All Editions,Dear Reader,21,If you knew where I was walking,28
Midnights - All Editions,Dear Reader,21,"To a house, not a home, all alone 'cause nobody's there",29
Midnights - All Editions,Dear Reader,21,Where I pace in my pen and my friends found friends who care,30
Midnights - All Editions,Dear Reader,21,No one sees when you lose when you're playing solitaire,31
Midnights - All Editions,Dear Reader,21,"You should find another guiding light, guiding light",32
Midnights - All Editions,Dear Reader,21,But I shine so bright,33
Midnights - All Editions,Dear Reader,21,"You should find another guiding light, guiding light",34
Midnights - All Editions,Dear Reader,21,But I shine so bright,35
Midnights - All Editions,Dear Reader,21,"You should find another, you should find another (Guiding light)",36
Midnights - All Editions,Dear Reader,21,"Find another, you should find another",37
Midnights - All Editions,Dear Reader,21,You should find another,38
Midnights - All Editions,Karma Remix,22,Karma is that girl like (Grah),1
Midnights - All Editions,Karma Remix,22,You're talking shit,2
Midnights - All Editions,Karma Remix,22,For the hell of it,3
Midnights - All Editions,Karma Remix,22,Addicted to betrayal,4
Midnights - All Editions,Karma Remix,22,But you're relevant,5
Midnights - All Editions,Karma Remix,22,You're terrified to look down,6
Midnights - All Editions,Karma Remix,22,Cause if you dare,7
Midnights - All Editions,Karma Remix,22,You'll see the glare,8
Midnights - All Editions,Karma Remix,22,Of everyone you burned just to get there,9
Midnights - All Editions,Karma Remix,22,It's coming back around,10
Midnights - All Editions,Karma Remix,22,And I keep my side of the street clean,11
Midnights - All Editions,Karma Remix,22,You wouldn't know what I mean,12
Midnights - All Editions,Karma Remix,22,Cause karma is my boyfriend,13
Midnights - All Editions,Karma Remix,22,Karma is a God,14
Midnights - All Editions,Karma Remix,22,Karma is the breeze in my hair on the weekend,15
Midnights - All Editions,Karma Remix,22,Karma's a relaxing thought,16
Midnights - All Editions,Karma Remix,22,Aren't you envious that for you it's not?,17
Midnights - All Editions,Karma Remix,22,Sweet like honey,18
Midnights - All Editions,Karma Remix,22,Karma is a cat,19
Midnights - All Editions,Karma Remix,22,Purring in my lap 'cause it loves me,20
Midnights - All Editions,Karma Remix,22,Flexing like a goddamn acrobat,21
Midnights - All Editions,Karma Remix,22,Me and karma vibe like that,22
Midnights - All Editions,Karma Remix,22,Karma is ya checks 'boutta bounce (Damn),23
Midnights - All Editions,Karma Remix,22,Karma is a fire in ya house (Grah),24
Midnights - All Editions,Karma Remix,22,And she 'boutta pop up unannounced (Like),25
Midnights - All Editions,Karma Remix,22,And she never leaving you alone (Damn),26
Midnights - All Editions,Karma Remix,22,Watch her put ya opps on a throne (Damn),27
Midnights - All Editions,Karma Remix,22,Got you waving pretty white flags,28
Midnights - All Editions,Karma Remix,22,Feenin' for that cash,29
Midnights - All Editions,Karma Remix,22,Thinking it'll save ya,30
Midnights - All Editions,Karma Remix,22,Now you switching up ya behavior,31
Midnights - All Editions,Karma Remix,22,"It's okay, baby",32
Midnights - All Editions,Karma Remix,22,"You ain't gotta worry, karma never gets lazy",33
Midnights - All Editions,Karma Remix,22,"So I keep my head up, my bread up, I won't let up (Never)",34
Midnights - All Editions,Karma Remix,22,"Promise that you'll never endeavor with none lesser (Ever, ever)",35
Midnights - All Editions,Karma Remix,22,I be draggin' that wagon,36
Midnights - All Editions,Karma Remix,22,Karma is a beauty winning that pageant (Grah),37
Midnights - All Editions,Karma Remix,22,Cause karma is my boyfriend (Damn),38
Midnights - All Editions,Karma Remix,22,Karma is a God,39
Midnights - All Editions,Karma Remix,22,Karma is the breeze in my hair on the weekend,40
Midnights - All Editions,Karma Remix,22,Karma's a relaxing thought,41
Midnights - All Editions,Karma Remix,22,Aren't you envious that for you it's not?,42
Midnights - All Editions,Karma Remix,22,Sweet like honey,43
Midnights - All Editions,Karma Remix,22,Karma is a cat,44
Midnights - All Editions,Karma Remix,22,Purring in my lap 'cause it loves me,45
Midnights - All Editions,Karma Remix,22,Flexing like a goddamn acrobat,46
Midnights - All Editions,Karma Remix,22,Me and karma vibe like that (Grah),47
Midnights - All Editions,Karma Remix,22,Ask me what I learned from all those years,48
Midnights - All Editions,Karma Remix,22,Ask me what I earned from all those tears,49
Midnights - All Editions,Karma Remix,22,Ask me why so many fade but I'm still here,50
Midnights - All Editions,Karma Remix,22,I'm still here,51
Midnights - All Editions,Karma Remix,22,I'm still here,52
Midnights - All Editions,Karma Remix,22,Cause karma is the thunder,53
Midnights - All Editions,Karma Remix,22,Rattling your ground,54
Midnights - All Editions,Karma Remix,22,Karma's on your scent like a bounty hunter,55
Midnights - All Editions,Karma Remix,22,And karma's gonna track you down,56
Midnights - All Editions,Karma Remix,22,Step by step from town to town,57
Midnights - All Editions,Karma Remix,22,Sweet like justice,58
Midnights - All Editions,Karma Remix,22,Karma is a queen,59
Midnights - All Editions,Karma Remix,22,Karma takes all my friends to the summit (Facts),60
Midnights - All Editions,Karma Remix,22,Karma is the guy on the screen coming straight home to me,61
Midnights - All Editions,Karma Remix,22,Cause karma is my boyfriend,62
Midnights - All Editions,Karma Remix,22,Karma is a God,63
Midnights - All Editions,Karma Remix,22,Karma is the breeze in my hair on the weekend,64
Midnights - All Editions,Karma Remix,22,Karma's a relaxing thought,65
Midnights - All Editions,Karma Remix,22,Aren't you envious that for you it's not?,66
Midnights - All Editions,Karma Remix,22,Sweet like honey,67
Midnights - All Editions,Karma Remix,22,Karma is a cat,68
Midnights - All Editions,Karma Remix,22,Purring in my lap 'cause it loves me,69
Midnights - All Editions,Karma Remix,22,Flexing like a goddamn acrobat,70
Midnights - All Editions,Karma Remix,22,Me and karma vibe like that,71
Midnights - All Editions,Karma Remix,22,Karma is my boyfriend,72
Midnights - All Editions,Karma Remix,22,Karma is a God,73
Midnights - All Editions,Karma Remix,22,Karma is my bestie,74
Midnights - All Editions,Karma Remix,22,Karma's a relaxing thought...,75
Midnights - All Editions,Karma Remix,22,Karma's gonna hold you down,76
Midnights - All Editions,You're Losing Me,23,"You say, ""I don't understand"" and I say, ""I know you don't""",1
Midnights - All Editions,You're Losing Me,23,"We thought a cure would come through in time, now, I fear it won't",2
Midnights - All Editions,You're Losing Me,23,"Remember lookin' at this room, we loved it 'cause of the light",3
Midnights - All Editions,You're Losing Me,23,"Now, I just sit in the dark and wonder if it's time",4
Midnights - All Editions,You're Losing Me,23,Do I throw out everything we built or keep it?,5
Midnights - All Editions,You're Losing Me,23,I'm getting tired even for a phoenix,6
Midnights - All Editions,You're Losing Me,23,Always risin' from the ashes,7
Midnights - All Editions,You're Losing Me,23,Mendin' all her gashes,8
Midnights - All Editions,You're Losing Me,23,You might just have dealt the final blow,9
Midnights - All Editions,You're Losing Me,23,"Stop, you're losing me",10
Midnights - All Editions,You're Losing Me,23,"Stop, you're losing me",11
Midnights - All Editions,You're Losing Me,23,"Stop, you're losing me",12
Midnights - All Editions,You're Losing Me,23,I can't find a pulse,13
Midnights - All Editions,You're Losing Me,23,My heart won't start anymore... for you,14
Midnights - All Editions,You're Losing Me,23,Cause you're losing me,15
Midnights - All Editions,You're Losing Me,23,Every mornin' I glared at you with storms in my eyes,16
Midnights - All Editions,You're Losing Me,23,How can you say that you love someone you can't tell is dyin'?,17
Midnights - All Editions,You're Losing Me,23,I sent you signals and bit my nails down to the quick,18
Midnights - All Editions,You're Losing Me,23,"My face was gray, but you wouldn't admit that we were sick",19
Midnights - All Editions,You're Losing Me,23,And the air is thick with loss and indecision,20
Midnights - All Editions,You're Losing Me,23,I know my pain is such an imposition,21
Midnights - All Editions,You're Losing Me,23,"Now, you're running down the hallway",22
Midnights - All Editions,You're Losing Me,23,And you know what they all say,23
Midnights - All Editions,You're Losing Me,23,"""You don't know what you got until it's gone""",24
Midnights - All Editions,You're Losing Me,23,"Stop, you're losing me",25
Midnights - All Editions,You're Losing Me,23,"Stop, you're losing me",26
Midnights - All Editions,You're Losing Me,23,"Stop, you're losing me",27
Midnights - All Editions,You're Losing Me,23,I can't find a pulse,28
Midnights - All Editions,You're Losing Me,23,My heart won't start anymore... for you,29
Midnights - All Editions,You're Losing Me,23,Cause you're losing me,30
Midnights - All Editions,You're Losing Me,23,Cause you're losing me,31
Midnights - All Editions,You're Losing Me,23,Stop (Stay) 'cause you're losing me,32
Midnights - All Editions,You're Losing Me,23,My heart won't start anymore (Stop 'cause you're losing me),33
Midnights - All Editions,You're Losing Me,23,My heart won't start anymore (Stop 'cause you're losing me),34
Midnights - All Editions,You're Losing Me,23,How long could we be a sad song,35
Midnights - All Editions,You're Losing Me,23,Til we were too far gone to bring back to life?,36
Midnights - All Editions,You're Losing Me,23,"I gave you all my best me's, my endless empathy",37
Midnights - All Editions,You're Losing Me,23,And all I did was bleed as I tried to be the bravest soldier,38
Midnights - All Editions,You're Losing Me,23,"Fighting in only your army, frontlines, don't you ignore me",39
Midnights - All Editions,You're Losing Me,23,I'm the best thing at this party (You're losing me),40
Midnights - All Editions,You're Losing Me,23,And I wouldn't marry me either,41
Midnights - All Editions,You're Losing Me,23,A pathological people pleaser,42
Midnights - All Editions,You're Losing Me,23,Who only wanted you to see her,43
Midnights - All Editions,You're Losing Me,23,"And I'm fading, thinkin'",44
Midnights - All Editions,You're Losing Me,23,"""Do something, babe, say something"" (Say something)",45
Midnights - All Editions,You're Losing Me,23,"""Lose something, babe, risk something"" (You're losing me)",46
Midnights - All Editions,You're Losing Me,23,"""Choose something, babe, I got nothing"" (I got nothing)",47
Midnights - All Editions,You're Losing Me,23,"""To believe, unless you're choosing me""",48
Midnights - All Editions,You're Losing Me,23,You're losing me,49
Midnights - All Editions,You're Losing Me,23,"Stop (Stop, stop), you're losing me",50
Midnights - All Editions,You're Losing Me,23,"Stop (Stop, stop), you're losing me",51
Midnights - All Editions,You're Losing Me,23,"I can't find a pulse, my heart won't start anymore",52